id,source,comment,sentiment
1,YouTube,"⁠ I really appreciate your response. I have another question, if you don’t mind. This might sound a bit silly, but as a flight attendant, do we have any choice regarding the aircraft type we work on? I’m a bit uncomfortable with Boeing aircraft after watching a documentary about manufacturing issues and related accidents.",
2,YouTube,@WishCasting can i become a cabin crew at the age of 38?,
3,YouTube,"Is that stat true - that 90%,, of cabin crew, resign within 5 years of starting?",
4,YouTube,"as an ex F/A for two UK airlines its really important to tell potential F/As about the good and the bad. Too many 18 year olds look at the job and all they see is glamour.....And trust me , after a couple of years or so the glamour has totally worn off !......Of course there are good and bad to every job and this is no exception......but i would strongly reccomend that anyone going into it , with whatever airline does not stay too long......for a variety of reasons. Firstly you can 'miss the boat on other opportunities......before u know it you are 30 years old then 40 !......The health factors are tho by far the most important to point out. You are flying when you should be asleep.....the radiation levels are high , you are eating reheated food, toxic air syndrome is something that exists and is brushed un der the carpet by all the airlines......The job is not good for your health....I know this as i did it for a long time.....I have two youngish kids and although i would never styand in their way of doing anything., if they wanted to fly....I would definately suggest they put a time limit on this.....5 years max !!!",
5,YouTube,Cabin crew a wiater on the sky. There is limted opportunities for advancement. It may be a good job for some one from a third world country where there are few jobs available.,
6,YouTube,I love whatever he said but isnt that like every job? you go to a place and do the same stuff every day. Its like the same agony as every other one out there but the radiation part scares the shit out of me tbh,
7,YouTube,"He keeps mentioning the word ""career"" - honestly, is being a cabin crew really a career? Come on, let's be realistic, It's a job really...",
8,YouTube,"Ex Emirates crew here, I’ve been very supportive of your videos and love how you are mashing up your experience and context. Keep up the good work and I’m sure you are inspiring many people out there! Don’t be out down by that community, there are those that all appreciate too.",
9,YouTube,"Not to mention, Dubai having slave labour camps for those trapped in there, I wouldn't think working for Dubai in general is very great idea. Not to mention 'glamorous' lifestyle there is just a front, once you peer behind the scenes you'll see gross issues in many factors. I don't understand why people are so naïve and don't make background check on who they're going to work for, isn't that the type of thing a jobseeker needs to do? If you apply blind, one might just end up somewhere, trapped in slave labour without noticing.",
10,YouTube,thankyou for your honest review . respect for replying all the comments . i do have a question won't you promoted may be as a trainner or may be senior cabin crew or head i dont know some other jobs in emrirates after you gain experience ? .,
11,YouTube,"As ex-cabin crew for BA I too thought after 34 years with them I had nothing to offer any future employer. But how wrong was I? I got snapped up by two hospitals as all our skills as crew are very tranferrable. I have never been happier, every weekend off and home in my own big comfy bed. No jet lag and loads more quality time with my husband and family. I loved working for BA but I now love the life I have now more.",
12,YouTube,"Hi, I couldn't agree more with the EK part, you are talking about. I was there for 2 years (joined from CZechia, I think I flew with you, you look very familiar :)) - before corona, working just in economy. I was doing all you are saying - I was so enthusiastic about it from the beginning, enjoying layovers, cabin crew life, spending money for stupid things like buying clothes and shoes I used few times and not saving money. Also, not taking care about my mental health. I was burnt out after a year. It was my dream job, but I rather quit having no money (again😂), than to die in the desert. There is a lot of darkness in the middle east and people living there don't want to admit it (otherwise you go crazy or you left). All the best in your life, I'm photographer, so I support you doing videos :)",
13,YouTube,Move on . Just go back to them . CC hopeless in office jobs cant even sit in a chair for so long. Waiters in the sky,
14,YouTube,"EK Cabin Crew here...my second year in the company (still feeI excited) but completely understand your point of view and thank you for sharing your truth with us, because behind this glamorous job and lifestyle, there are also challenging aspects of the job..",
15,YouTube,Emirates and all the middle eastern carriers are a f..king joke to work for. It is modern day slavery!,
16,YouTube,"Getting a position as a stewardess, in my day, was the most glamorous of careers. There was a time when only the most beautiful, thin, and those with good teeth got the job. A young woman (they were usually women) also had to be 21 years old. When she got married and/or pregnant, the flight attendant was out of a job. No compensation, no pension plan, nothing. When I started flying as a passenger, I saw glorified servers. No matter what airline. I have formed this opinion through observation, and oddly enough, I had fellow nurses who had a first career as flight attendants. As the man said, most cabin crew quit after five years.",
17,YouTube,"I’m two years working now with middle eastern airline (no need to mention the name .and I’m already tired and not happy bcz I feel I do hard and risky job with average salary of 3000 to 3500 dollar per month . At the beginning I was thinking it’s big money especially that I came from middle family and my situation before wasn’t the best . But later I discovered that half of my salary goes for my basic needs and the other half goes for loans , family support ... and I feel I deserve more bcz of night shifts , and lack of rest and the company is so strict . I was happy when I joined and started but the sparkles remained only for one year more or less and then I woke up to see the reality . No pension .And the life style is amazing but mentally tiring .now I started thinking what should I do next . But I cannot leave now until I find better thing to do",
18,YouTube,"It was not so much the travel as meeting important people I would never had met in real life. May I suggest for those retired f/a’s ...go to work as a Les Clefs d’Or for a 4 or 5 star hotel....All the benefits of flying, plus more. You simply start out as a concierge , and test out for LCD after 5 yrs. Travel is not as safe as before, nice to be on the ground!",
19,YouTube,"Dubai is extremely beautiful man-made city very rich it has beautiful side and dark side , the sad reality till today is that the masterpiece city built behind are mostly 95% labourers/workers from India ,Pakistani, Bangladesh and they’re treated like Scums( worthless piece of shit ) also they’re provided in a place where even a street dogs won’t live. 😢💔💔 Most Emirati’s are extremely rich but they don’t have sympathy for the poor. I even heard that many maid-servants from India, phillipines are either raped/ murdered by the owner. Now Coming to Emirates, Cabin crew looks like a glamourous job as seen in media, reels, Instagram you get to travel many places, wearing exquisite uniform, salary is wow, hotels , loans, free tickets etc... but....the reality An ex emirate crew told that crews are treated like prisoners, always checking on weight, senior crews disrespecting juniors on being superior , one silly report you’re fired from the company. Too many sick leaves, terminate you. Living alone, after a year you begin to have emotional distress, jetlags. I am also recruiting for Emirates cabin crew in India 🇮🇳. I’m India I come from a poor country which is developing but seeing/hearing these kinda stuffs made me resist from it, but overall I’m an adaptable person hope I can also join emirates soon. All the best bro whatever you do in your future endeavours.❤",
20,YouTube,"Some first world problems here! People in the west have so much money and resources available that they are tired of a job paying US$3,000 minimum per month. This is an easier job than what the rest of the world does whilst obtaining below US$100/month!! So earn 30 x for less labour - sign me up! Westerners are very spoilt!",
21,YouTube,Those cabin crew that publicly disagree with you may be doing so only to gain favor from their supervisors.,
22,YouTube,You worked as a flight attendant for 4 years and got tired. My father worked as a doctor for over 50 years and was married to one woman for over 35 years until his death. How did he feel?,
23,YouTube,I’m happy yuo decided to leave emirates I been hearing same from other flight attendants it’s not all glamorous and easy job do what’s best for mental and emotional wellbeing,
24,YouTube,"Hi👋🏻 I just want to take a moment to thank you for the incredible content you create. Your work isn’t just educational—it’s truly inspiring. ✨ The way you break things down with such clarity and precision makes learning from you an amazing experience. My twin sister and I are both passionate about this field, and we’ve been following your lessons closely, taking notes 📝, and applying what we learn. Our dream is to become cabin crew ✈️ and build a better future for ourselves and our family. Your guidance has been a big part of our journey, helping us develop the right mindset and skills. 💡 The only challenge we face is access—since we live in Iran, international payments don’t work for us, and with the low value of our currency, it’s nearly impossible for us to afford the resources on your website. That’s why I wanted to reach out and ask if there’s any way you’d consider giving us access to your content for free. It would mean the world to us—not as a favor, but as an opportunity to learn, grow, and use this knowledge to create something meaningful. 🌍 Regardless of your decision, I just want you to know that your work is making a real difference. Thank you for everything you do, and I wish you and your family all the success and happiness in the world. 💙 With gratitude from Iran, Negin",
25,YouTube,He’s just speaking for himself. Was a cabin crew for 12 years and absolutely loved it. First year or 2 is difficult and then things get much better. This was my experience.,
26,YouTube,What was your observations of the flight crew? Could you say the same things impacted them just the same?,
27,YouTube,"You're completely right, I don't even work for global airline. Only fly around Asia Pacific, hitting my almost 5 years of flying and honestly I'm completely done😂 Would prefer to do something else, if I can find something better. Not much options within where I live, as I live in one of those developing country. Fingers crossed I can find something better abroad🤞",
28,YouTube,"3k, alot of money? You can make 6k as an Uber driver. This is a typical pattern for this type of job...the lifestyle is the drug that people get addicted to...like Club Med workers or cruise ship workers. A close friend did 12 years on cruise ships...she does not have a single dollar to show for all that work as she spent it...the stresses of working 18+ hours a day means spending all the money to make yourself feel better. Thank you for your honesty.",
29,YouTube,Hi! I really enjoy listening to your opinion about Emirates as I was considering becoming a crew for the airline. What was your opinion on the work environment and how the company treat you if you are sick? Thank you in advance!,
30,YouTube,"Qatar, Emirate,Saudi , Riyadh , flydubai etc........Middle East airlines consider you as salvor. They think they have right to fire all of you anytime, that’s the reason has NO Union. So I compare salary actually not so high. In desert ( I have been those countries) nobody want to Stay so those airline provide bus, housing allowance etc but most of flights depart at night, Minimum rest hours etc your health rapidly deteriorate and it affect your life too. Do not join Middle East airlines most important thing Islamic country, why you never bothered ?? You just lose your health , youth in dry desert !,",
31,YouTube,Ex EK purser here. Never met you at work though. I enjoyed watching your articulate presentation. Well-done & all the best. 🙂,
32,YouTube,Life has changed. Back in the hay day people would do anything to be working as a airhostess or cabin crew. Today its just a glorified waitress or waitor. Your life is more important your health is important its very unhealthy to do this job for more than 7 years.,
33,YouTube,I think after a while with a lot of jobs you outgrown them... and especially if it’s costing you money like no pension and can’t buy a home and stuff,
34,YouTube,"Great video , thanks for the info . As for the pension I had a question , what’s best way to save for your pension . Did you just put a certain amount of your salary account aside on your savings account or another bank account specifically created for your pension money . Or did you hire a certain company that helps you set a pension fund . Keep up the good work with the videos",
35,YouTube,So an ordinary office job is more exciting? What about a police officer? So you didn't like being a FA. So what. I'm sure I'd hate what you're doing but I don't need to make a video about it. You're a YouTuber? No way I'd ever do that because it's not my passion. But it's yours so what makes you so special?,
36,YouTube,You should see the burnt out senior cabin crew on US airlines drinking themselves silly in their European hotel room stopovers - at the end of the day its a 3 year job maximum,
37,YouTube,"I am applying to join Emirates cabin crew next week. I know it’s easier to get in if they actually are low on staff and in need for lots of new cabin crew. Do you have any idea how low on staff they are at the moment ? It might help me knowing, whilst I am preparing this whole week knowing also wheter they need staff or not it’s very hard to get in anyway..",
38,YouTube,Don t know...worked for Alitalia for 30 years and loved every flight even though with all many issues were included of course.,
39,YouTube,"When you work any job, one is executing the same activities every day",
40,YouTube,"Fact is Life is hard, do you think the man who picks up your garbage every day is living his passion? No sometimes you just need to make a living and more importantly it’s a responsibility if you have a family. Some flight attendants can do it for 40 years, some can’t handle it. To each his own but let’s respect those who choose a different path and not pointing out how bad their choice of career is. Let it go, it just wasn’t for you. The hate comments you’re getting are from those who enjoy doing what they do and don’t take well when someone says the job that they love sucks so much. Try to understand that and let it go and move on with your life and choices. But one thing is for sure, whatever you choose, whether is raising children, doing your videos, it will always be hard work!",
41,YouTube,"Interestingly truthful. Both my wife & I flew for South African Airways frm 1981-1991 on B747s. We were young, it was fun, good money, 5 star hotels, lots of travelling, shopping & partying BUT spending 15-20days overseas flying 90 hrs per month is very demanding on a stable / healthy lifestyle. We both moved into aviation management & a more stable career.",
42,YouTube,"Hello Orlando! Thanks for your video, think it's good to highlight different aspects of life as a cabin crew. I have to ask you something (a completely honest and straightforward question): For the past 10 years, I have been carrying a dream of working as cabin crew, but really have all the odds against me; I am extremely shy, introverted, get anxiety from adversity and am on medication for this. Not the strongest medicine then, but still. Would you dissuade me from pursuing this profession? Do you understand that my mental health is most important and I may not understand what this profession really entails? Nevertheless, the dream remains with me, because I like to travel and to provide good service. But that might not be enough I think.....so I would like some advice from someone who knows what it can be like up there in the air (and also down on the ground when you are not flying). Wishing you and your family all the best! With kind regards David from Sweden",
43,YouTube,Excellent video! Many valid points. Congrats on your life shift.,
44,YouTube,"Congratulations on your courage to start something new. Follow your passion! It will take you to places you never expected; you'll see! Five years from now, you'll be very surprised. Your financial advice is the best advice you could give ANYONE!! Save and invest!!! It's easier than you think and you'll be very, very happy when you are older. Trust me! I've done it! I agree 💯 but I must say that the flight attendant job is dead-end. Chances for advancement are slim. It's good for a few years for young men and women to travel, but to make a lifelong career like they have done at Delta and United is only for a few.",
45,YouTube,"Thanks for posting this testimonial. I can’t imagine the strain of being an FA, especially the physical aspects. I assume similar issues affect pilots as well, fatigue being such a big part of the job. We all depend on the airline industry but little attention is paid to the people that make it happen.",
46,YouTube,"Being a flight attendant is a great job and in my opinion, you said nothing but the truth. There is so much of your personal freedom you have to give up for this so called fabulous lifestyle we are known to have. You are constantly tired from flying from east coast to west coast. This job is not made for everyone. You have to really love it to stay in long term.",
47,YouTube,I have friends who were crew for over 20 years. One who flew to LA for 18 years on and off and had new been downtown or to Disney Land,
48,YouTube,"I have been a cabin crew for over 15 years now (in europe) and I cannot agree more with what you have said. I personally think that some companies especially middle eastern are a kind of ""golden cage"" in which you end up in and can be really difficult to come out. We as humans we tend for stability and sometimes ismt is difficult to give up your routine and jump into the dark. Through my career I have personally experienced months of low energy and depression as i had the feeling I was doing rhe same things over and over again. But in the end, passion for flying and being on that aluminium rocket speeding through the sky at 900km/h still gives me shiver of happiness.",
49,YouTube,"Health is Wealth. No job, no profession is worth that sacrifice and deficit. Health Means @ not necessarily super wealthy but adequate to support oneself and one's family. Freedom to pursue one's interests and responsibilities. Best wishes.",
50,YouTube,"Although experienced in a different work environment to most, everything you describe is really no different from any job.",
51,YouTube,Hey' following a while during you4 flight time. Today you Look much more healthier and hopefully much luckier. This job is only for a special time. Shopping is.not a whole life and all the glamour is Not all. Each has to decide how long it is able to work for such big Compagnie. Best wishes .greetx from FRA. K.,
52,YouTube,I worked for a scheduled 4 star airline for 23.5 years and i would never do it again. Airline life is crap.,
53,YouTube,“Being Cabin Crew”. There is no A before cabin crew. This is the most irritating thing about working in the Middle East. People will say “annual leaves”; when it’s Leave (no S). Basic English.,
54,YouTube,"I think we have to divide the crew what work for the Arline in to two categories ? One from developed country’s and one from undeveloped country’s ? Crew from India Pakistan Philippines etc ? For them it’s big step in life to have job in Emirates and will do everything to work as long as possible for the Arline ? Many of them helping financially family in the own country ! For many people from Europe or developed country’s like US Australia etc ,when they get bored they can always move back to home country get a good pay job and have good life ! Unfortunately the crew from undeveloped country’s don’t have that opportunity and will work with Arline until they reach age limit and will ask to go ! Also when they go home everyone looks at them like they achieve something. In the life everyone look them like celebrity 😂 but is different for crew from developed country’s",
55,YouTube,"I'm wondering why you said it until now, you hadn't said it while you were working in the company, also the hate is just on the Arabic companies. The salary I believe has helped you to build your life. Come on, all the job are energy consuming.",
56,YouTube,"In an earlier comment, @ThomasMakai wrote: ""I cannot emphasize enough how important it is to resign sooner rather than later."" In my opinion, receiving the ""golden call"" from Emirates and joining their cabin crew is the result of a tremendous amount of hard work. Hard work involves: 1. Meeting the required English language standards. 2. Developing strong communication skills. 3. Practicing for the assessment day (self-presentation, group activities, English test, final interview). 4. Purchasing the necessary attire for the assessment day. 5. Maintaining the appropriate grooming for the assessment day. 6. Passing the required medical examinations. 7. Gathering the necessary paperwork in English. Achieving the golden call is not just a reward for all the effort invested in the months leading up to it - it's more than that. To me, the golden call represents a second chance in life, an opportunity to start anew in a global mega-city like Dubai, a city full of potential. If someone resigns after three or five years as a cabin crew member, it feels like wasting that incredible opportunity. Emirates cabin crew isn’t just about going to Dubai, living there for a few years, and then returning home. Doing that is like throwing away a golden chance to network, build connections, and grow financially. In my view, receiving the golden call from Emirates is like an initiation—a stepping stone to a new life in Dubai. If I were selected as an Emirates cabin crew member, I would know that Dubai and the UAE would be my home for the rest of my life. Failure is not an option, and neither is resignation. Working for Emirates is a gift. For example, someone could work for Emirates as a cabin crew member for 12 years, and then apply for a role in ground operations, IT, or HR. Twelve years is a significant amount of time - plenty of time to upskill, earn additional certifications, or even pursue a university degree or college diploma. There are also opportunities to branch out into other sectors, such as: 1. Shipping, 2. Real estate. Perhaps someone will even have the chance to start their own business or get involved in the exciting new casino projects coming to the UAE. There’s so much happening in Dubai and the UAE, and I believe resignation is not an option. This golden call is not an opportunity to be missed.",
57,YouTube,"Hi first of all I would like to tell you that you are one of the people who love to watch all their videos and I haven't missed a video of yours for 4 years so I would like to thank you very much for your really great and wonderful videos, thank you from the bottom of my heart❤ and I have a question if you allow me to ask them: 1) Is there a colleague of yours who is 174 cm tall (taking into account that I will adjust my BMI to be in the green zone)? I know that the company says 160 or 165 but have you met anyone who is the same height as me or at the same level because in the past two years I was frustrated because of this thing? 2) Secondly, is working for a year and a half as a receptionist in a hotel considered customer service? And also a salesperson in a small shop in my city is considered as well? 3) Can you explain the CV with an example please, because I have heard these days about ready-made templates, so do you use them or do we use the old clear method without colors? 4) As for English, is it necessary to be very fluent in it? I can express myself and understand well what is said in English but I lack some terms (speed of speech, nothing more) 5) When will the one-on-one sessions that you used to offer return? 6) When will I know that this profession does not suit me if I was rejected more than once by more than one company? 7) I do not know how to put it but..) I love my appearance and I love me as I am and I do not want to change anything about it but to be honest with you I have many doubts because of this thing, so is it considered a big factor...?",
58,YouTube,Trolley Dolley to HR😂😂😂😂 Sounds like you are way overqualified for a job in HR.,
59,YouTube,"Heyy, I have tried to get to Emirates, Ettihad, Qatar, Wizzair, LOT, Ryanair numerous times. I failed training at LOT, resigned from training at Ryanair due to previous failure in LOT despite my knowledge. Didn't have mental force to continue due to not get paid even for a day of training at LOT. I want to be a cabin crew for some certain amount of time to raise money, travel a bit and invest as you said. My issue is, that even after a training at LOT I acknowledged ab myself I am not that obedient, not saying his thought person. I know that airlines e.g. emirates, ettihad looks for such people who sometimes do not have hobbies or anything that makes them creative due to the fact as you said - this job ain't creative. Still, I am ready to sacrifice myself and work at my flaws to get that job because I love aviation, travelling and I am dreaming about estabilishing my own business as a young entrepreneur. I am looking forward for your video how to get to Emirates because they constantly reject me after either 1st step or 1st group challange.",
60,YouTube,Jetlag is bad enough being a passenger on long haul flights.A life of constant jetlag but having to smile constantly as a flight attendant working for Emerates would surely lose any appeal very quickly.!.,
61,YouTube,A video with you reacting to the hate comments from other Emirates cabin crew would get a lot of views😆😆😆 Something tells me the hate must have come from cabin crew from developing countries who are very fortunate to have that job and don't know that people from other countries have way higher standards for their employer and life in general.,
62,YouTube,"Worst pay in the world. Despite that I applied at several airlines but from an employee with a candid inside info told me and a relative, I was not gay and even if not gay my mannerisms weren’t flamboyant or effeminate enough. Now looking back it makes sense based on all the interview panels I sat in front of every job app. I’m a 6’3"" bearded lumber jack/ cop look so I don’t fit the gay/gay supporter demographic.",
63,YouTube,2000 $ is a very lousy salary tbh,
64,YouTube,"Congratulations on your marriage and the arrival of your child! As a fellow flight attendant, I can definitely relate to the unique challenges and rewards of the job. I've been fortunate to work for my national airline, which offers a more balanced workload compared to the demands of Emirates. That being said, while I don't see this as a lifelong career for myself, it's been an incredible journey that I wouldn’t trade for anything.",
65,YouTube,"Former Emirates business class crew here. Am I grateful for this experience? - hell yes. Is it worth it to sacrifice your physical and mental health ? - hell no. Is it worth it to sacrifice your future potential (opportunity cost) ? - no. I quit few months ago. I would never go back no matter how much money you'd pay me. Like you mentioned - the excitement, travels and those artificial dopamine hits they fade away. Actually I am in the process of healing (mostly mentally) from this job, it's getting better with every passing day. You never know how happy and at peace you can get if you ditch things that drain you, and make space for little things that bring you peace.",
66,YouTube,"I left in january 2024 as a stewart in royal air Maroc for 16 y expérience i left everything behind, now i have new directions, i know what means family parents , eating on time , sleeping very very well , anyway plz dont be fooled by that job , live your life , good luck and love for everyone ❤",
67,YouTube,"I was considering to get this job but after learning the cons, I'm better off with other jobs or own business. Health is wealth. Everything than shines isn't gold.",
68,YouTube,"The salary is not that good, at least not for our standards. So with everything else that was mentioned, sick days, contract...not worth it, imo.",
69,YouTube,"The system is perfectly calibrated to retain only young, healthy, and enthusiastic professionals. Older or more fatigued ones are naturally pushed aside. If you are against capitalism, do not work at Emirates. But thanks to capitalism, the world benefits globally from the best airline ever.",
70,YouTube,"Thank you for the video and I hope you are doing better now. I have a question; after few years as a cabin crew, what are the other jobs that you can apply to in order to espace the cabin crew career if it doesnt suit you ?",
71,YouTube,"thanks a lot but trust me honey ..everywhere you go you'll never find an airline with top notch service. they will come a point where you'll complain about the new airline or new job. there's always a hole in the goal. whether emirates has some bad things about it, any other Airline isn't 10 times better ill tell you. sometimes just suck it up and endure done. every job is full of labor so even if you'll complain it still does not change the fact about today's job industry. I'm not bashing but I'm just giving a hard truth about life insight. I want to be an emirates pilot and I know how scary my future will be but I've sucked it up and ill endure it for my happiness. No matter how bad it gets.. its something that builds you. Thanks for sharing and I hope my words can open up to the world. love you Ginger",
72,YouTube,My dad works for united as cabin crew and he has over 5-6k $ salary,
73,YouTube,"I am curious if we didn't finished the contract, do we need to pay the penalty? how much is it?",
74,YouTube,"Thank you for sharing such a detailed video! I really appreciate how you explained both the pros and cons so clearly. Honestly, it gave me a realistic picture of what to expect in this career. Right now, I’m in the process of applying to Emirates and I want to learn from every perspective — from preparing for the interview stage to actually managing the workload once I start the job. I also want to make sure that I can balance my finances wisely so that even if I decide to move on after 5 to 10 years, I’ll have a strong backup amount saved for my future. Your content is truly inspiring and helpful for people like me who are starting this journey. Looking forward to learning more from your experiences! ✈️🙏",
75,YouTube,"I am a cabin crew right now. I have been working for the same airline for 13 years. If you are reading this and are thinking about applying to become a flight attendant, please do evaluate if you are willing to sacrifice your private life to a job. Because you will miss out on so many life events if you accept this lifestyle. If I were to be 25 again, I would rather consider to get myself a degree in any field I am passionate about. There are so many other jobs in this world, so there must be something else that could be a good fit for you. All those years, I will never get back, I am thankful for the experience but I know that this is not what I will do for the next years to come. And if you decide to become a cabin crew, you must know that the only way to climb for higher positions within the company, is to be friends with the leaders. Just become their best friend. Good luck.",
76,YouTube,Hi! I'm in high school and working as cabin crew for emirates is my dream. I'm planning to apply when I'm 21 (im 15 and already planning my resume lol) but I'm worried they don't often hire Americans because I've never seen an American cabin crew member on social media so I was wondering if you met any American cabin crew members?,
77,YouTube,"I would suggest reconsidering the title of your video to something more appropriate, such as ""Why You Should Not Pursue a Career as Cabin Crew,"" as the disadvantages you've outlined are inherent to the profession itself, rather than being specific to any particular airline. The challenges you've highlighted—including disrupted sleep patterns, irregular schedules, and limited opportunities for meaningful social interaction with family and friends—are universal aspects of working as cabin crew, regardless of which airline employs you. These are occupational hazards that come with the territory of working in aviation. Furthermore, based on the information presented in your video, it appears that the compensation package and benefits offered by Emirates are quite substantial and potentially lucrative. These benefits seem to significantly outweigh many of the drawbacks you've mentioned, particularly when compared to other airlines that typically do not provide such comprehensive incentive packages or perks to their cabin crew members. Your assessment strikes me as fundamentally biased and lacks objective perspective. It appears that you may have entered this profession without fully understanding its demands and requirements. Rather than providing a balanced review of working for Emirates specifically, your critique seems to stem from a general dissatisfaction with career choices that you perhaps should have researched more thoroughly before committing to this line of work. Your complaints appear to be more about the nature of the job itself rather than any shortcomings specific to Emirates as an employer.",
78,YouTube,Should I include my erasmus+ training courses in my emirates cv? They helped me develop lots of soft skills like team working and stress management,
79,YouTube,"What I cannot understand is the high turnover. If they treated the staff better, with more free time etc. People would not want to resign. Surely that would work out cheaper than constantly having open days and spending 2 months training. More staff, treated better would in the long run save them money.",
80,YouTube,"the biggest problem with this job itself, not emirates alone, is SLEEP. your body is not made to sleep at random times especially as a lifestyle. it is very unhealthy to live like that. 10:33 shows me why this company (or industry?) sucks. you did not call out sick for 3 years then when you had the flu, these guys are up in arms. just amazing.",
81,YouTube,Is this case with cabin crews only? or in all other departments it will be the same?,
82,YouTube,"Hi thank you for very informative video. If you could reply me, does Emirates hire older cabin crew without any cabin crew experience? I've been a Health care worker for years and currently 35 yo. I've always wanted to be CC but life had different plans. But now I feel like that is my calling and I want to be one. Do you think I'd have a chance at 35 ?",
83,YouTube,"You know, in early 2020 I nearly became EK crew during my final year of university. However, as you are aware, global events stopped me from actually becoming one. As the years went on, I became a professional cleaner and vehicle mechanic. My pay is Ok-ok, but I know my skill set is valued in society today. I really don’t know if I should go back to apply again; after all, my 20s are coming to an end soon and I know there are plenty of younger people who are eager to sign up. It would be nice to know what life could have been if COVID never happened; I wouldn’t be who I am today but you know, you will never stop wondering what is on the other side of the fence.",
84,YouTube,Jobs not expecting people to get sick is Ridiculous. Even animals get sick.,
85,YouTube,Does Emirate hire fresher cabin crew?,
86,YouTube,Actually a 9 to 5 job is worst because it takes almost all your day,
87,YouTube,Sounds like a horrible place to work. Definitely would be toxic. You did the smart & healthy thing.,
88,YouTube,"I also resigned last year, best decision ever. Can I ask what are you doing now? are you working and in what field? and did you move out of Dubai? where are you living now? best of luck <3",
89,YouTube,That voice sounds like a cat sliding down a car panel. So you quit your job. Move on. Its not like you were curing kids of cancer. You were a waitress in the sky,
90,YouTube,"I would never do this kind of job even if you paid me 100k and that is sleep deprivation. No matter how fancy the lifestyle can be and the amount of travelling you do, getting shit quality of sleep will catch up with you in the end.",
91,YouTube,".my initial thought (especially when i was younger) was that being apart of the cabin crew was a dream because initially you only see everything at face value especially as a passenger, you think it would be fun, upbeat, getting to travel the world and never boring but as with any job at times the bad outweighs the good (hence why people leave jobs) I think sometimes people sell things as a dream job because it looks unique and fun but they don't talk about challenging situations or issues so its good that your painting a realistic light on the job and that its not as amazing at it seems.",
92,YouTube,Your first con is nonsense - when working for someone else you should always be doing your best,
93,YouTube,"helloo, can i ask you if they can move you to another city, or do you have to live in Dubai all the time. i don't understand like i supposed inside of usa there are different flights everyday accross the country, the cabin crew of those flights are located in dubai???",
94,YouTube,How much earn a newly join cabin crew in emirates?,
95,YouTube,"I applied for Emirates the first time a year ago, and had to travel 3 hours to get there. It was good and I was excited but when I got rejected, I got really upset. The 2nd time was last July and I made it to the final interview when I didn’t expect it!! Got really excited and still got rejected. Applied for a third time and got eliminated from the 2nd group activity. Applied 2 days ago and the assessment is in a few hours and I got an invitation and I suddenly decided that I’m not going. I’m not sure anymore if it’s worth chasing or if this career is worth all of the hassle. I personally want to travel soooo bad! But looking at the technics of the airline’s recruitment process, it’s all making me feel eerie and I feel something is off which made me unsure if I still want this career or not or is it even that boujee lifestyle and that insane amount of money worth all that or not. I feel like I’m heavily influenced by how they want all of us to perceive the cabin crew life which made me chase it that hard when in reality it’s tough and worth a huge cost of the human side. That’s why they’re consistently hiring. I hate how they’re constantly playing with your nerves and put you on a rollercoaster in the hiring process so I can’t imagine how it is like inside the actual job!",
96,YouTube,How to apply for this job . Please explain,
97,YouTube,Emirates sounds like a toxic work environment.,
98,YouTube,"here afrter getting my resume rejected for the 5th time , its funny how they expect 22 yr to have experience , I cannot ? , I've nailed every airline interview I've ever been to , given air India interview qualified but did not sign contract becoz I was in university , tried Wizz air Abu Dhabi and they kept me in holding pool for one year and told me to come to the interview again inn which they failed me after interviewing for 5 mins ? , this year I qualified for Singapore airlines and they are saying they will take 6 months to recruit us .... I'm so fucking unlucky and I'm scared because they will pull another wizz air Abu Dhabi on me . ill be devastated , nobody understands how hard it is to apply as a crew from a brown family yet god keeps on testing e . in fact my dad won't let me pursue cabin crew career if I'm not employed by this year . CRUEL AND HARSH WORLD INDEED . but idc now I'll happily say goodbye to this career coz I'm tired of trying and giving up seems like the only way , although I'm so sad and crying while typing this comment",
99,YouTube,Am in my second year in University of Cape Coast Ghana offering hospitality management so i want to ask that do i have to complete with my course and have a year of experience before applying for Emirates cabin crew,
100,YouTube,"Stop chasing money all young girls. Why you waste most beautiful time in desert, Islamic country Do not join Emirate, Qatar, Saudi, Flydubai, Riyadh etc...... Arabic peoples consider all of you as just labour, or slave. Those countries peoples why not work ? So their DNA progressing or detonating ? Money is not everything. Pls use ur brain, Arabic Muslim look down on *",
101,YouTube,"I dreamt of becoming a cabin crew, but since I have a friend who shares the same sentiments with you, I made a shift. Now, I just want to be a regular guest who can afford business and first class seats HAHA!",
102,YouTube,"Hi , if you have any idea I’m currently working as a nurse and have been thinking about switching careers to become a pilot. I have a few questions I hope you can help with Is it even possible to make such a big career change from nursing to aviation? Is becoming a pilot something that’s realistically achievable, or is it only for people with a lot of financial resources? Are there people who have successfully made this switch and are now working for airlines? Is it a rare path or something that happens more often than people think? Thanks so much for any insights!",
103,YouTube,Some airlines still giving out ZED and ID tickets for former employees. Does Emirates do that too?,
104,YouTube,Did you worked for other airlines also? Is there a big difference between Emirates and other airlines?,
105,YouTube,"Yes, as a passenger we can really understand the stress what Emirates cabin crew have on their head.",
106,YouTube,My dream job is to be FA in Emirates and i have watched almost all of the videos on YouTube and no one has ever mentioned about the sickness policy. This was really informative and helpful. Thank you so much❤ My ultimate dream is to become a pilot and for that I have to save up money for flight school. Do you think it will be possible with the salary? Do you know anyone who has done that while working with Emirates as a crew?,
107,YouTube,There are idiotic comments from people who never been flight attendants or work for Emirates and try to judge. Ignore their stupidity because they are not smart or properly educated,
108,YouTube,Hi I really liked your video it’s very informative. I have a question I am 31 and currently thinking about applying for emirates cabin crew. Do they hire 31 years old and up? Or is that too old for emirates? I would really like to know this before is apply. Thank you in advance.,
109,YouTube,"It is a lousy job, only temporary, I did the interview with them, but decided I don't want to live in a Muslim country and in a stressful work environment. I can only recommend you to fly with them, not to work for them.",
110,YouTube,"This is your side of the story as a crew, now here's a side you would never hear as a passenger why I quit Emirates. I used to a frequent flyer with Emirates for almost 11 years and they have been my preferred airliner to fly with since 2011 to 2022. I have used them to fly to destinations in Middle East, Indian subcontinent, Europe and Australasia. I have flown with Emirates on Airbus A330, Boeing 777, Airbus A380 and I have flown in all 3 classes First, Business and Economy class and even held a status with them. I quit flying with Emirates in 2022. I have my reasons to quit Emirates so here goes. Currently speaking Emirates has only 2 aircrafts Boeing 777s and Airbus A380s. I have flown with all of them in all three classes (not counting Premium Economy). I know Dubai International Airport by heart. I feel that I have nothing more to achieve flying with Emirates or nothing more to learn from Emirates and Dubai Airport. For now I switched to Qatar Airways so that I can learn more about their airlines, aircrafts and Doha Airport, I currently hold a status with Qatar Privilege club now too. I'd love to return to Emirates in the near future (I am considering return), I heard Emirates are getting new aircraft namely Airbus A350s. I'd love to return when they have established the Airbus A350s and/or the Boeing 777-Xs in the fleet.",
111,YouTube,"Hi, do you have any advice what Telefon card to buy being a crew with FlyEmirates? I just came 2 Dubai and will start my training in college tomorow. I don't know what to do about my internet. I would like to have an access to internet everywhere I go. Is it possible with one card? I would be happy 4 your answer. Thanx❤",
112,YouTube,What are you doing now? Are you still working in the aviation industry or are you doing something else? Thanks for your very informative video and always happy landings!🫶,
113,YouTube,"I resigned 3 months ago and it was the best decision ever. No regrets at all. I'm sleeping well, I feel better, all my health issues disappeared. It's a nice job for a few years but not for life unless you want a career there. Wish you all the best, life is so good after! ❤",
114,YouTube,"Hi, i’m interested in joining emirates cabin crew, i’m planning to get married soon, may i know how much housing allowance i will get if i live outside of the accommodation? Thank you!",
115,YouTube,"Moaning about a 3 year contract, Most employees only get a 1 year contract or even a contract at all 😂😂😂😂 FFS Wake up Girl you’re delusional.",
116,YouTube,I can see it now..... 2 years time . WHY ... was i dumb enough to quit a Great Job .. Regret regret regrets.😂😂😂😂😂😂😂,
117,YouTube,"It is an insightful and very helpful video not just for cabin crew but also pilots. I personally agree with the cons especially about health related issues. I used to dream to fly the jumbo planes before, but I settled down in regional air carrier where I can maintain good health, work-life balance. Best wishes.",
118,YouTube,"Honeslty Loved your this video very much... But i also have some more questions like, Is there are any bonus on occasions or not.....also is there any others bonuses .....did u get a rise on salary & how or when...is there any vacation or not.....how often can u visit yor family in a year",
119,YouTube,"Is my dream to work for emirates I applied and I got invited for interview ,before I sent my resume I was 5:3inch 160cm but when I checked yesterday I was showing 5:2 1/2 inch 158cm but I can still reach 212cm -215 cm Am so disappointed I have declined the interview so I can do some height exercises I’ll reapply next year 🙏🥹",
120,YouTube,"Thank you for sharing your journey and best of lucks in your future endeavors, you deserve it!! You worked hard for it!!❤",
121,YouTube,Hello. What is the most need to know to work airline?,
122,YouTube,It's good that cabin crew wre leaving I hope a lot more do so other people can get that chance.,
123,YouTube,"Well bless her little heart. Flying is not for everyone, the work/life balance, sleep patterns, health - both mental and physical. This is precisely why the airline is very diligent about hiring. Friend of mine is an FA for Emirates, she is going on 12 years now and she laughs at today's snowflakes who beat the HR process and get in, then last about three years. This one lasted five years but it's not surprising she left, and more than likely still lives in Dubai - thank you Emirates for that. Also, she didn't appear to mention the tax-free salary for the past five years. If she was my Ex and it was so awful, I certainly would not have a reminder on my bookcase.",
124,YouTube,"You didn't share any real details, just opinions. What was your salary in dollars? How many hours were you working per week/month? what were your monthly out of pocket expenses on average. You could make a video and share actual hard data and that would help alot more people be informed",
125,YouTube,"what is your opinion on male joining around 31 year old specifically for emirates, possible to stand out or highly unlikely, do gen z even interested to work as cabin crew as of right now? love your video!!",
126,YouTube,"Met a United crew steward been over 20 yrs with the job, did a good job on my 12 hr flight, saw him 2 different times on same route he told me his wife of around 10 yrs was a employee also. So yes you can go long time with job.",
127,YouTube,"Your feelings about your identity being attached almost uniquely to the lifestyle and compound accommodation of Emirates cabin crew is fully understood. It would certainly be an easy situation to fall into. My experience with flying for forty years with an international carrier was in my home country. Because of that, I was able to have a varied ground life. I was married, had children and attended university all while working as cabin crew. My home town was easily accessible both on work as well as time off travel. This enabled me to remain connected to family and old friends. The part of my life flying was without doubt, the very best imaginable and for all the reasons you stated. After retirement at age 62, I did a teaching diploma and then went to work at a school board for the following 12 years. My advice to cabin crews who are under contract and living in a compound would be to enjoy it to the fullest and leave after 5 or so years but not before having secured another cabin crew job in your home country, preferably being based in your home town. That is if you truly love the lifestyle. I will be eternally grateful for all of the opportunities my cabin crew life afforded me. Good luck everyone.",
128,YouTube,Ex Emirates crew member...1991-1999. Had amazing times and very hard times. Came home to live a quieter life in the UK...have never regretted it. Sometimes look back with fond memories but it seems like a different lifetime...I never regretted leaving and have never been tempted to go back to Dubai for even a holiday...I left it all in the past.,
129,YouTube,i want to persue being a cabin crew but i feel like iam too old for this kind of carrer iam currently 26 years old is it all in my head or what,
130,YouTube,"I totally feel you in every word you said. I never hated EK tough, even when it made me physically exhausted. I was so happy when I left, never imagined I could miss it tremendously after resigning. Although I completely changed my career’s path to have a more stable life, I feel a part of me will always belong to the sky and identify with an Emirates cabin crew! The aviation world and the people who work in aviation are the most open-minded human beings I identify and I get along with the most. Despite the fact that I have my routine back and I am happy about sleeping at night, I will never neglect how much I miss being part of the EK community. Emirates was like my family and safe place, Dubai was home ❤ I will always be thankful for the experience I had and I will never forget all the amazing and cool memories I made and people I met along the journey.",
131,YouTube,I always wanted to know do emirates cabin crew date emirates pilots?,
132,YouTube,"Happy for you, Veronica. I myself used to fly for my country's flag carrier. Having gone through the 6 year flying experience brought me to greater opportunities in the corporate sector - not necessarily skillset wise but perception and soft skills wise. Still, I'm grateful for the experience in the skies. It sure was a fun yet challenging experience, but has been the biggest catalyst to where I am sailing to at the moment. Great content!",
133,YouTube,Worked as a mechanic for Ryanair for about a year before finding my first engineering job. It was brutal to say the least,
134,YouTube,"If your 10 years of cabin crew journey with The Emirates led you to have a flat, your own car, and maybe enough savings to succeed in your future life, you did a good job. I know many people who give up in a few years. 10 years of journey is a huge success to be proud of.",
135,YouTube,glad you have a life after cab crew bravo Veronica,
136,YouTube,"i can relate to every word you said, i am going through a career transition. i literally feel like a toddler who needs career guidance in the corporate world even after a decade of experience in aviation.",
137,YouTube,I worked with qatar airways for 8 years and I left the job because I got married and I had to relocate to dubai. It’s been a year and I feel so depressed and sad about leaving qatar. I still haven’t found what I want to do in my life. Flying will always be part of your beautiful memories. Filled with travel history new places new food new people. I used to hate it while I was working with qatar but now I always tell my friends and colleague to enjoy each and every destination.,
138,YouTube,"I worked for many years in one of the top 10 airlines in the world. I can understand the process you are going through very well. No one can tell you the electricity, pressure you receive from the moment you first get on the plane until you leave the plane, the pressure you receive when you deal with people, etc. It was not easy to make this decision, especially after I turned 30, but I can say that everything will be very different in time. Good luck.",
139,YouTube,"Hey , I’m about to join soon but I wanted to know when arriving does the airline give us an allowance or just the basic salary while training college ?",
140,YouTube,"Hola Vero, no sé si me leerás, pero bueno te cuento como me siento yo, y así me desahogo también, jaja. Yo te descubrí cuando hiciste el vídeo con Denisse de las Pochoclo sessions al ser despedida de EK. En ese momento, yo estudiaba derecho y mi sueño era viajar. A pesar de que, tanto Denisse como tú advertísteis de las cosas malas de EK, yo en ese momento lo vi como un sueño, además la situación en 2020 en todo el mundo estaba muy mal, en España en concreto hubieron muchos problemas económicos. Estuve dos años viajando y trabajando por Europa, sin terminar la carrera de derecho porque pensaba que esa era la vida que yo quería, los viajes. Hasta que en enero de 2023, terminé la carrera y me uní a EK. Al principio todo era maravilloso, odié el training pero todo lo bueno lo compensaba. A los seis meses, recibí un final warning por algo que me parece estúpido y que se podría haber resuelto hablando las cosas como personas civilizadas. Realmente me afectó, pero todavía quería seguir viajando, hasta que en diciembre fui de vacaciones a España y vi a mi prima. Ella sólo tiene cuatro años más que yo, también es graduada en derecho y tiene un trabajo en estable en un Ayuntamiento donde gana más de lo que yo gano en EK, trabaja muchas menos horas y es feliz junto a su marido y sus hijos. Entonces, sentí como si me cayera un jarro de agua fría. Yo acababa de cumplir veinticinco años, hacía tres años que no tenía nada que ver en el mundo del derecho y estaba ""limpiando mierda de indios"" a 40.000 pies de altura. En ese momento, deseé tener la vida de mi prima, comencé a pensar que yo valía para algo más que limpiar vómito de indios y empecé a ver a mis compañeras como niñas tontas que no usan su cerebro y sólo hablan de manicura, inyecciones labiales y mejores destinos del mundo. Todo este año lo he pasado así, bastante amargada, mirando mal al resto de azafatas y pasando los días off encerrada en casa. Hoy mismo mandé mi email de dimisión. Todavía no tengo claro qué va a ocurrir en mi futuro. Siento que todo lo que me había atraído de este trabajo y el tipo de vida que algún día quise se ha ido a la basura. Ya no quiero los lujos que ofrece Dubái, ni los viajes, ni la vida ajetreada. Soy de un pequeño pueblo en España y siempre desprecié la vida rural y sencilla, y ahora mismo sólo quiero la tranquilidad, poder pasear a mi perrito, dejar de vestirme con blazer para ir a comprar el pan. Ya no sé quién soy más, ya no sé si soy la persona materialista que creía ser o soy la persona que quiere una vida sencilla en un pueblito. Es como si no tuviera identidad.",
141,YouTube,"Pretty much any jobs in aviation are their own meatgrinders. Attendants, Pilots, Mechanic, Ground crew, even if you can make a long career, you all deal with shift work, working holidays, weekends. It's never really a normal career path.",
142,YouTube,"I hope you get to become a Mom. Just be mindful that when the kids leave home (and I'm at that place now) and are independent, you will go through the same thing again of not knowing who you are and trying to work out who you are without them.",
143,YouTube,"other than the obviously tough lifestyle (which I personally did enjoy), the main reason for crew misery is management. the countless ways in which you are reprimanded and abused for calling sick or for making a small mistake... not to mention how snitches and backstabbers are rewarded and protected... Ney has ruined what was once a great (although not perfect) workplace...",
144,YouTube,"Hey there Veronica! Glad to see your videos popping in my youtube algorythm. I was a crew for 3 years back in 2008 to 2010 and used to run a written EK blog (at the time alongside Melissa from Tampax Towers / Greta and a few other OG bloggers) of my travels and how to get in the airline with tips and tricks called Airboy. My staff number was 390064 (still remember it : goes to show how ""cult-like"" and deranged it felt to work for them) and got a truck load of spicy stories backed up with pictures and first hand account tea...I totally feel aligned with the horror stories you've been through and would be happy to share some experience with you after 10 years out of the golden cage EK life was. Anyway, keep up the content and good omen for your future endeavours. Best, Ben aka Sodwee / AIrboy.",
145,YouTube,"If we resign job in emirates before the contract ends,we need to pay any amount of money to the company ??",
146,YouTube,Death of a baby on board. So sad and traumatic. Which year did that happen ? It takes years for most employees to recover from something like this.,
147,YouTube,Hello Veronica. Louis from Mauritius. Was EK cabin crew from 2009 until 2014...we flew together long time ago😂...i remember,
148,YouTube,"My Lady cousin was cabin crew,, she showed me her legs once, black and blue from the knee up from being groped by obnoxious drunken morons.😢 Ps I was a ground engineer 😅",
149,YouTube,I thought crew is not allowed to wear sports watches 😂 Stefano you're wearing an apple watch??,
150,YouTube,My dream job is a poilt,
151,YouTube,"When we fly I am always aware of the hard work crew do. I'm always friendly and appreciate the service. I always thank crew when they bring items, and again when I leave the aircraft. Flying business class is not a chore, so being nice to the crew should be the starting point.",
152,YouTube,I wouldnt work for arabs even if starving people wearing pajamas,
153,YouTube,"I'm not surprised by how difficult the job is. Beyond traveling to various destinations, there's the difficulty of customer service, jet lag, and all that is very tiring. I was convinced of that. Very nice, well-made video. Good luck to you!",
154,YouTube,Ive just got back from DXB and make I always make a point of heading over for a coffee at Costa and a look at the Emirates shop at Emirates HQ. Its worth a visit but to speak to these hard working people is a great opportunity to see what they do and where they go and have a chat with them. This is a brilliant video.,
155,YouTube,Looks like an absolutely boring job. The only challenge would be putting up with idiots,
156,YouTube,"I flew Emirates to Vietnam and I thoroughly enjoyed my time with Emirates. Friendly, polite and helpful as well as the food was lovely. The cabin crew look so smart. Thank you!",
157,YouTube,Do you work on the Emirates A380 And A350?,
158,YouTube,"That looked like an empty flight, I am sure it's very expensive to fly with Emerits. Every time I have seen this airline, the employees look very friendly and professional. I'm sure you get excellent service on the flight as well. ❤",
159,YouTube,I worked at this airport for a year.,
160,YouTube,Are these two people married cabin crew..??,
161,YouTube,"omg i didnt know u could work tgt in the same plane like that, i thought it was randomised. can u also do that as pilots",
162,YouTube,Very good I think it is the Best job,
163,YouTube,Is your wife a cabin crew,
164,YouTube,Dream job ❤,
165,YouTube,"If more companies are allowing couples to work together, that's amazing 🎉🎉🎉 beautiful vlog",
166,YouTube,"Hey ! I’m studying in MCAS and also I’m aviation student.. I have to confirm one thing.. can Muslim become a cabin crew with the hijab because I saw lots of pics on social media, some Muslim flight attendants are wearing hijab.. so is it possible in emirates airline?",
167,YouTube,"It was always my dream to become a FA...I entered. A career in Science instead....now I am too old, and I would have reached to work the best airline....Emirates!",
168,YouTube,Thank for a brief encounter of what happens to crew members,
169,YouTube,I would become cabin crew in Ermirates but i dont know if they hire people more of 30years old.. im 33 😊,
170,YouTube,Will there be any exams during the training period?,
171,YouTube,I want to become a cabin crews,
172,YouTube,Hey what a great job really amazing,
173,YouTube,"These 😂days no flight atendant doesn't look's older than 30, what in the past may been an serious career,nowdays it's only a job for max 5 years to pay for college or earn money to buy an flat in their home eastern Europe country 😂",
174,YouTube,i want so much to get this job 🥺,
175,YouTube,They are a couple? How are they allowed to work on the same aircraft?,
176,YouTube,Do they ask safety/security/emergency procedure questions each of the crew,
177,YouTube,Whether male and female crew stay in same room?,
178,YouTube,"Hi, I am from Bangladesh ,,, u both r so cute couple,, cabin crew is my dream job,,,, In my childhood i was very curious about that 😅 😊,,,,thanks for sharing your lifestyle.",
179,YouTube,when ı start this job how much salary ı can get for beginning?,
180,YouTube,I wanna work for emirates when I'm old enough,
181,YouTube,"that's why I will keep trying to applying this job , that's really my dream job",
182,YouTube,I'm now 17 years old and I'm a moroccan girl and to become a flight attendant is my golden dream job ❤,
183,YouTube,Dam. I didn’t know my flight attendants were screwing eachother 👉🏻👌🏻,
184,YouTube,Hi! how did you get to live together? does Emirates pay for your acommodation or if you choose to live together you have to pay it by yourself? thank you,
185,YouTube,Can married flight hosts work together on any trip,
186,YouTube,You’re both so adorable! Do you pack your own food because Emirates doesn’t provide crew meals or because you both prefer healthy options? Much respect from Vancouver🇨🇦,
187,YouTube,"What a lovely couple! What fun it is to work together. The bonding is remarkable. Thank you for sharing your video. The insights of the kind of life you live is superbly interesting. The great coverage in detail, as a viewer is highly appreciated. Flying high is a luxury!",
188,YouTube,This was actually insightful to me who dreams to become a cabin crew. Am soon doing my exam then start applying here and there. Thanks 🙏,
189,YouTube,Hello I'm 154cm. But I can reach 212 cm. Can i join Emirates cabin crew,
190,YouTube,"I need to experience this kife of first class and Business class as it possible through Christ who strengthens me 😊.I am happy 😁 and grateful for the upcoming financial Miracle 💖💐 of $ 9,000 for my upcoming Vacation 😉. It's done ✅.",
191,YouTube,That's my job last year but I am quite today I m a business man today😊,
192,YouTube,"I enjoyed it a lot. Why don't they give you food on the flights, How stinchy, nobody works harder than the air hosts on a flight. Thank you guys, God bless.",
193,YouTube,"You guys are looking great as a couple. But don't you think there is more love hanging around than focusing professionally on your job? I don't know what will happen in case of an emergency or likewise other situations, will you run into each other's arms and take care of each other or save the life of a completely unknown passenger who is in need?",
194,YouTube,I want to be in emirate airlines as a cabin crew so that’s why I’m watching,
195,YouTube,Hello I want this type of job,
196,YouTube,I have never seen such boring emirates crew video 😅,
197,YouTube,Recent long haul - crews were harrassed and exhausted....,
198,YouTube,Do you have to speak arabic to work at emirates?,
199,YouTube,Then when I turn 21 I can become cabin crew. I am 156 cm but my arm reaches the overhead bin,
200,YouTube,I pray one day i will be a part of this great crew,
201,YouTube,"For information it's a very good video. I appreciate that, but personally I don't want this job.",
202,YouTube,Bro knows he won life when he pulled a emirates cabin crew lady.,
203,YouTube,So dating is permitted amongst crew members?,
204,YouTube,"It looks like hard work, I find airports and travel so stressful.",
205,YouTube,"i have always been impressed by emirates' cabin crew standards and professionalism; only one word for it: brilliant! could you tell us a little more about how you cope with in-flight adventures (difficult passengers, nice passengers, stuff you like and stuff you hate) please?",
206,YouTube,I was applying cabin crew,
207,YouTube,How long they call from applying to the job,
208,YouTube,"Didn’t even bother taking a shower before going to work, especially on a flight no less?! Eww, gross!",
209,YouTube,I have flown Emirates many times and really appreciate the crew! You folks are the best and I wish you all much success peace and happiness.,
210,YouTube,Why di crew (youre not the only ones) bring your own food? Cant you eat the airline food? Dont the airlines pay for your food when youre on a layover?,
211,YouTube,Emirates cabin screw..😂 is a bordello...😂😂😂,
212,YouTube,Sorry but i want to ask you wich company in U.A.E you work in??❤,
213,YouTube,Lovelly couple and works for both of you. May both of you always healthy and have A Nice and lovelly Works always. By the way what brand your big luggage is it if i may know,
214,YouTube,cabin crew live esy,
215,YouTube,I used to work for a company that made those special modules for the 777 crew to rest in during long flights. Hope you enjoy them if they're available to you. Wishes for nothing but safe flights always!,
216,YouTube,"Much respect to you both. I know for certain that your job isn't for me. It's not easy and as ""glamourous"" as people perceive it to be. I wouldn't mind working for an airline, but it would have to be a remote job from home. It's definitely a lot of logistics from the moment you wake up until boarding.",
217,YouTube,"i want to apply for this job but i have social anxiety and i'm not very good with people, especially the rude ones",
218,YouTube,How we can apply for Emirates cabin crew please help 😭,
219,YouTube,"I am happy to see the video of Emirates flight. The cabin crew have an excellent understanding of their profession a well developed teamwork, punctual of time before reach at the airport. Aesthetic sense with collaboration of Emirates flight Captain simultaneously passengers. Emirates Airline have a professional staff covers all the aspects of services which is a need of todays growing demand. Best of Luck to their future goals. Best Regards Khurram",
220,YouTube,Do you guys get ever tired of the job? Because i want to become a EK cabin crew to,
221,YouTube,How cute is this!! Two loved ones working with each other. I have great respect for you all for doing this job and living from hotel to hotel. But you experience so much and see a lot of places. Love you guys. 👍🏾,
222,YouTube,Since u are a couple and only require one room.. do they give u the rice of the second one on ur salary or an extra allowance ¿,
223,YouTube,My fiancé is a cabin crew in Emirates. And I’ve witnessed how hard it is all the ups and downs. It’s not for everyone,
224,YouTube,Your job is very hard but hats off to you guys! I am a third year nursing student pursuing my studies from Germany. I thought my job is harder but I think your job is too harder and you people do a commendable job!,
225,YouTube,"Hello! Thank you for sharing this valuable information in your YT video! Considering a role with Emirates cabin crew after an inspiring visited UAE in 2018 for educational trip. The idea of serving diverse people and navigating unique situations really resonates with me. Btw, are there vision requirements for EK cabin crew, and do they ask about glasses/soft lenses during the assessment day? Curious about this aspect 😄",
226,YouTube,You two are so cute as a couple!! ❤ Thank you for showing us the way you work and vlogging because it is hard to hold the camera all the time but thank you for the effort. You’re lucky to work together on the same flight 🥰💖❤️❤️,
227,YouTube,Do you have pay for the hotel??,
228,YouTube,can male EK crew have short hair like that?,
229,YouTube,"I live in copenhagen, I could have invited you to stay at my house, we have a guest room, instead of you paying so much for a hotel 😭😭",
230,YouTube,It was my dream job during my childhood,
231,YouTube,"Do they each not know that it is a jailable offence under muslim law, for unmarried people to sleep together and Emirates airline prohibits male/female crew to share company provided accommodation..? Strange, that this is what is taught during their abinitio training..",
232,YouTube,Its not an easy job🥲,
233,YouTube,lowkey want this job,
234,YouTube,Is my dream work am praying that God will help me achieve my goal🙏🙏🙏🙏,
235,YouTube,"You are both a credit to Emirates , I must say I find the uniforms are beautiful and stylish. The Emirates crews always turn heads at the airports 😊",
236,YouTube,"why is it called ""Emirates?'' Is there another name to use other then that and is it an insult to the people or culture? I'm just curious about that.",
237,YouTube,Are you guys a couple working on the same flight? Thy will be some fun 😂😂,
238,YouTube,"good job,so sweet god bless u",
239,YouTube,It’s good to see westerners working in a muslim country.,
240,YouTube,"I Flew with Emirates in January 2023 from Singapore to Dubai and over to Ireland to return. Emirates never seems to disappoint us with their tantalizing hot meals, friendly crews, and very attentive and professional. I also love their hand lotion and perfume.",
241,YouTube,I have worked for EK as ground staff in the UK for 6 years and was very lucky to see the world.... only amazing memories!!!!!,
242,YouTube,can you tell me please someone get a job in emirates over 40 years age person,
243,YouTube,You dont need to be smart at all to work a job like this. Just need to be a smiling robot that follows orders and serves coffe..,
244,YouTube,"I had exactly the same experience as a Flight Attendant with UAL, 25 years ago! We used to have a hotel room by ourselves, not shared. Did you opt to share 1 room because you’re a couple? I am impressed that you managed to film yourselves inflight, even during service. We didn’t even had time to breathe (in the ‘olden’ days) 😂 Anyway, we didn’t have smart gadgets then! Great job with this video, do remember to show the hard work too! People often see the glam role of FAs but don’t realise the difficult tasks behind the scenes.",
245,YouTube,MY DREAM JOB ❤❤❤,
246,YouTube,"Ohh i miss my crews of Cabin Mechanic, seeing you working on the galley, I had been removed the Galley of triple 7, Garuda Indonesia, i removed the floors at the backside galleys, all ceiling panels above it, access to the electrical... Yeah, that was the time of Cabin reconfiguration... Ahh i miss my mechs crews before COVID-19... But now i am in Dubai, i want to become a Cabin Crew like you guys... Pray for me ya... By the way, it is a very nice video, unfortunately, heard you are no longer Emirates crew, hope to see you one day as a senior... Stay healthy, Stay Happy... 😄☺",
247,YouTube,"Bro I just applied today too. I hope I get the job In Shaa Allah! Just pray for me, man. Cause this will be the dream job I always wanted!",
248,YouTube,I'm from India I wanna know do we get to travel abroad to other countries if we have a job as cabin crew?,
249,YouTube,Very mean crew they will attend you by color and while taking of and landing of plane they will raise their voice as we are criminals behind the bars,
250,YouTube,"I can see you're marriage but you work together, what if I become a flight attendant, how things works about relocation to my family, I mean husband and daughter?",
251,YouTube,Can you'll advice me how to be cabin crew,
252,YouTube,"To set the record straight, my wife was an Etihad Cabin Crew in Business from 2014 to 2019. It was all about looking pretty. It's not extravagant like what most naïve people see it. You work all kind of silly hours, dealing with demanding pax....complaints from jerks & sleaze bags in business & flight deck & things can get quite bitchy in the galley between fellow cabin crew & cabin manager. You either get on or you don't. At the tail end of my wife's cabin crew life she cried often before flights feeling depressed of the thought of having to deal with paxs & the never ending of feeling fatigue. This was quite common in cabin crew life. There were certain paxs & destinations she could not stand but i won't mention. Plus points were her favourite destinations including Seoul South Korea, Singapore & Narita Tokyo Japan & Sydney Australia. Does she regret leaving ? NOT!",
253,YouTube,What happen if you guys don’t have the same shift/duty?,
254,YouTube,How to become male cabin crew,
255,YouTube,"How do get this job, can you put about it in next video 🤭",
256,YouTube,Goodevening Cabine Crew Ground Staff😊,
257,YouTube,hi I just wondering I applied to Emirates cabin crew and I have already one one jub submission it is stilling under the wives Question: how many days should I wait for they reply to me? thanks 😊,
258,YouTube,"Jemput cepat,..supaya Mh.tidak Selingku,..Okeh,..semua Pacar Mh.himbaukan,..jgn Resee,..👍😍",
259,YouTube,So good to see you guys... Every time we fly we feel safe and secure due to our crew... I guess it's one the tough jobs in the world... Hat's off...!,
260,YouTube,"OMG, when I was flying to Dubai, you guys were our cabin crew!",
261,YouTube,First of all we need to be so lucky to be as Emirates cabin crew,
262,YouTube,Amazing job guys ❤️❤️🙌🏽 much Love from Fiji 🇫🇯,
263,YouTube,"Hello Friends, I am Wellem In Sorong Raja Ampat, Papua, Indonesia. I'm Watching Your Nice Video. good job 🙏greetings",
264,YouTube,"Viaggio spesso con EK, da BLQ alla mia destinazione finale (Asia e Sud Est Asiatico). Ritengo la business class di EK la migliore tra quelle che ho utilizzato fin'ora. La crew sempre disponibile e sorridente e ti fa sentire veramente ""welcome aboard"". Grazie per il lavoro che fate per chi come me si muove per lavoro",
265,YouTube,"i am very happy to see your work, good job.",
266,YouTube,Hi it’s awesome that you keep doing your job great and professional! 🙏 ❤ May I ask which camera do you use to make this vlog? Please answer me! Thank you ❤,
267,YouTube,It's was very nice n.informative I wanted to be an air hostess too but my papa did not allow me to go for it I.lovex to watch the flights take off n land Hats off to u its a tough job Best of luck,
268,YouTube,Hard work.. salary should be much higher...,
269,YouTube,My dream is to be a Emirates Airlines cabin crew Hope I reach it one day! ❤,
270,YouTube,Bro how to get this job can you tell some requirements?👀,
271,YouTube,Hi guys good combination of work inside flight n outside,
272,YouTube,"Hi, I’ve just got a question. Are you allowed to be staying in with opposite gender (male and female) in the employee compound (Emirates houses)? Thank you.",
273,YouTube,I assume that coworker sleeping arrangement is his wife?,
274,YouTube,I was flying with Emirates back on 2021 from Brussels to Dubai then Dubai to Cebu and that was the month of May that was the time that pandemic was. What i love travelling during that pandemic time on my sets we need social distancing so at least i was at peace when you don't have a nieghbour setting next to you easy access going to the toilet ☺🤗😁. I was satisfied really.The foods were delicious too and the cabin crew they were all friendly. I'm looking forward to fly with you again.. Thank you for landing us safely during that time and take care and God bless🙏,
275,YouTube,I would like to do this job but when you got a family really tricky the job on a whole looks nice it’s like being a waitress/ waiter but in the air it’s a risky job in general too I would be praying all the time especially when working in the plane,
276,YouTube,"I've never flown with Emirates before but I absolutely love the Emirates brand's aesthetic. It's very regal, clean-cut, and prestigious. I can't wait to fly to Dubai with Emirates. Thank you for showing us what it's like to be a member of the Emirates Cabin Crew. This is a very cool video!",
277,YouTube,Emirates Crew members are arrogant and unpolite,
278,YouTube,"The videos shows a nice life as Emirates cabin crew. Now let's face the truth: Cabin crews live in Emirates-owned compounds. Most of them share apartment with other company members. Higher seniority = better accomodation. No privacy. No visitors allowed. They work a lot ... they easily get kicked out whenever the airline want to kick them out. Pregnancy, pandemic, whatever ... and and and ...!",
279,YouTube,This was a lovely behind the scenes look at your jobs. Wonderful content!,
280,YouTube,My son also is cabin crew in Qatar Airways i like your vlogs ❤️,
281,YouTube,Best advertisement for Emirates are the people who work there and show immense pride and positive attitude in their work. Always grateful to fly on my home airline.,
282,YouTube,"Well, I flew Emirates once from London to Johannesburg and I had a wonderful experience in terms of confort, meals, and cleanness. I have to say, though, that compared to other airlines I tried on the same route, Emirates was pretty stressful to fly with when there was turbulence due to powerful sand storms, and that was because immediately the crew would make us hurry back to out seats and buckle up, and if possible remain motionless just as they did in their own seats. This attitude I’ve never had with British Airlines, KLM, etc. Just for the sake of it, I remember flying BA with extreme turbulence all over Africa, and the whole crew, but especially one male attendat was always going back and forth with treats and funny jokes, just to ease our trip and make our day. Just saying...",
283,YouTube,I love flying with Emirates - the crew is always lovely - I’m even more impressed you look so neat even after all the getting ready things! I can’t even leave the house without looking like I’ve been dragged through a hedge!!!,
284,YouTube,"The only aspect that connects these oil camel Gulf airlines to their country, is the name. Other than that, Saudia, Qatar, Emirates etc flights totally operated by foreigners. Foreign pilots, foreign cabin crew. In total contrast, airlines of the Levant and North African Arab countries managed and operated by the people of the countries they belong to. For example , Iraqi Airways flown by Iraqi pilots, and cabin crew all Iraqi. Same for Syria, Jordan and Lebanon. This is the difference between countries with a culture going back thousands of years, and countries emerging from a hole in the desert with newly found oil money.",
285,YouTube,I walk by Marriot at Kalvebod Brygge in Copenhagen everyday and sometimes see The Emirates crew⭐️,
286,YouTube,Is it allowed for couples to work on the same flight? Unthinkable for many companies.,
287,YouTube,So there's no food prepared for the cabin crew in the plane?,
288,YouTube,"I enjoyed the video, I also work at London City Airport.",
289,YouTube,Ohhh EK is allowed to have intimate relationships to co workers. Thats Great!,
290,YouTube,I don’t understand why they need bring food? No meal for cabin crew during flight?,
291,YouTube,It's good that you quit the job. Being waitress in the air with below medium salary is gross.,
292,YouTube,"""Colleagues of the day""... This is one of the most surprising things I learnt about cabin crew, you have different colleagues whom you've never and will probably never meet again",
293,YouTube,I’m a nervous flyer like really really scared of flying but I always fly A380 from SF to Dubai. I swear I don’t even feel the plane take off or land it’s so smooth. Cabin crew is fantastic and have helped me ease my travel anxiety numerous times. Thank you for all that you guys do!,
294,YouTube,I got shortlisted for the Emirates cabin crew today! I will be keeping up with your videos and experiences. So excited!,
295,YouTube,"Hey guys, watching this as an excrew with EK for 10 years. Awesome video, very professional. Was nice to take me back to that part of my life😊.",
296,YouTube,I'm working in Dubai Airport as a ground staff and today I applied for cabin Crew hope I'll get this job and will be together in work place .wish me best all the best ❤️,
297,YouTube,Until what age can I be a cabin crew member in Emirates? is there any limit?,
298,YouTube,I fly regularly with Emirates. It's great to see the behind the scenes of being Emirates cabin crew. Many thanks to you and your colleagues for the great service I have always received when flying Emirates. (I'm a super nervous flyer so that extra bit of kindness goes a long way!),
299,YouTube,"Hi. May I know how Many hours before the take off you must be at the airport to do the briefing with the Whole flight crew? Moreover, may I know what is the time slot of a day in which you have to work? Do you fly between midnight and 5am?",
300,YouTube,Can I become a cabin crew and work for fly emirate,
301,YouTube,I also want to be the part of cabin crew 🙂❤️,
302,YouTube,My dream job fr,
303,YouTube,Any tips to a high schooler who wanna be a cabin crew?,
304,YouTube,Is that ok your couple working in 1 company?,
305,YouTube,"❤❤ hello, I from Brazil ! My dream works as a flight attendant at Emirates!",
306,YouTube,I'm working in dnata DXB & DWC this time DWC for FIFA World Cup operation,
307,YouTube,I love emirates there’re staff are so kind. I’m gonna be a cabin crew one day,
308,YouTube,I thought they give u free food on board I mean for cabin crews,
309,YouTube,I want to work as cabin crew oo,
310,YouTube,It’s an easy job to be honest,
311,YouTube,What is the age requirement for cabin crew??,
312,YouTube,"you guys were so lucky to keep your jobs, i saw so many emirates crew getting cut during covid :( even crew that had been there for more than 14 years",
313,YouTube,Hi how I can get a job in emirates airplane ✈️???,
314,YouTube,It was always my dream to become a cabin crew for Emirates. The first airline i traveled with when i was about 2yrs old! I'm 19 now ..soon 20. Sadly i have glasses💔 I'll still try to apply. If they reject me looks like i have to settle being a ground staff😭,
315,YouTube,You have no idea how they become cabin crew ..... in emirates ...It's really a shifty way ... say some truth about it......,
316,YouTube,I loved the video. Its THE greatest job ever. My biggest dream is to i can be flight attendant in Emirates.,
317,YouTube,If I could get this job I would document everything,
318,YouTube,You are very lucky husband and wife to doing job in Emirates flight crew live long .,
319,YouTube,How to become a cabin crew,
320,YouTube,"All this is, is about you both. Nothing special just two cabin crew for the worst airline ethically and morally speaking.-",
321,YouTube,I like ur work how do u get hired,
322,YouTube,"It seems that you do your job well and have a good relationship with the people on the plane. Unfortunately, on a flight that I took from Miami to Dubai, the Emirates crew cabin were quite rude to me, they did not treat me well. Suddenly I didn't understand what they said to me because people have different accents in english (my mother tongue is not English) and the stewardesses got angry because sometimes I didn't understand everything they said at first, some yelled at me, it was my first time traveling alone in my life and I did not have a good experience with Emirates, I found the tripulation the crew cabin cold and rude, especially the female flight attendants, I have a good level of English, but there are people who do not speak any English, I do not even want to imagine how they treat those people who do not understand or speak any English, it is not the obligation of all people to speak English, now I am traveling, in October I have to return again with Emirates, I hope that the same rude crew cabin staff does not appear again, Even in Fly Dubai, which is operated by Emirates, the attention of the crew cabin was much better",
323,YouTube,"Can a female cabin crew get pregnant without losing her job, if yes, when does the maternity leave commence?",
324,YouTube,How the F you could sleep with some female coworker like this?,
325,YouTube,"I really want to be a cabin crew, can you tell me how to get the job",
326,YouTube,"never wonderd, why there always is a ""man"" in the cabin working for UE? religion resons sum book another airline....",
327,YouTube,"Allah kahretmesin yaa çifte kumruların İngilizcesi neydi arkadaş.. yazacağım, 20 dakikadır aklıma gelmiyor. 02:35 you lovebirds... (bu kadarı geldi aklıma..)",
328,YouTube,how do you get to work on the same flights?,
329,YouTube,Where does the emirates crew stay in Venice? Any tips would be very much appreciated. I plan to send surprise flowers to my one and only!,
330,YouTube,"Thank you guys , you really work hard , good on you",
331,YouTube,What a nice video. Are they husband and wife ? They have an awesome job!,
332,YouTube,One day l pray I'll be part of Emirates cabin crew it's literally my dream,
333,YouTube,I love emirates I’m trying to apply for cabin crew in other airlines because unfortunately emirates doesn’t hire cabin crew from our country so i hope i will join this company in future,
334,YouTube,I also work in Dubai airport.and seen all these places.while watching this video I remember all these places.i left the UAE.finish job.but can't forgot these memories,
335,YouTube,"Very nice Video, great job!😊",
336,YouTube,"Great video. As a personal appreciation, I will say that I have not flown again in companies that required the use of masks by their employees. I know that you have to be politically correct when it comes to opinions, but as a client and frequent traveler, it seems absurd to me.",
337,YouTube,beautiful couple you are so cute .. thank you so much for this vlog i really learned a few thing from this video because i want to become an Emirates cabin crew Inshalah <3,
338,YouTube,Great video guys. You're a lovely couple. It's a hard job you do with your body clock constantly out of balance and the pressurised atmosphere in the cabin means it must take a toll on your bodies. Keep the videos coming as they are very interesting.,
339,YouTube,"Really smart and beautiful couple, very disciplined, efficient, and hardworking. Wish you all the happiness and success in life :)",
340,YouTube,"I have a lot if respect for cabin crews, they have such a hard job and they ate usually the ones that take the brunt of the angry passengers about delayed and cancelled flights",
341,YouTube,"After traveling to Dubai on Emirates I have never felt so bad for a flight attendant. The people on both of my flights were literally pigs. Within a couple of hours of being on the flight the airplane looked like we had farm animals roaming around. The bathrooms were destroyed. I honestly don’t know how they do it. The flight attendants can only do so much when the people flying are uneducated and dirty, most people also smelled terrible like they had taken a bath in onions and garlic. No amount of money could make me “serve” people like this. Kudos to you!",
342,YouTube,Beautiful couple and nice team work. I love it . Always together all time.,
343,YouTube,The most horrible cabin crew ever They are just child unfriendly and arrogant 🙄,
344,YouTube,That's a lot of hard work!,
345,YouTube,"I'M 32 years old,can apply for cabin crew??? and I put glasses,is that a problem.plz i need the answer.",
346,YouTube,How to get a job at emirates?,
347,YouTube,Is cabin service assistant in emirates same as the work you both do ?,
348,YouTube,My mom works with Emirates airlines,
349,YouTube,Do male crew members like yourself feel kinda left out?,
350,YouTube,What's the minimum height needed for Cain crew male?,
351,YouTube,Cabin crews man and woman stay together at motel ?,
352,YouTube,I noticed you carried your own snacks/meals. Are crew meals provided on flights for crew ?,
353,YouTube,I worked for Air India for 15 years. Lots of things have changed from then to now. Especially the trolly service unlike heavy porcelain fine China services. We did 707 747 Abus 300 etc. Enjoyed every bit. You too must do it.,
354,YouTube,I use to fly regularly on the A380. You guys have passion for your job and are totally professional. Love the way you all present yourself. Keep up the good work,
355,YouTube,dream job hoping in 2 years ill make it,
356,YouTube,"With this we can understand very well how hard is your job. It seems an easy job, but it's not You have to be every time on the sky road and then in the hotel and there you can stay for a short period But let me tell you that I appreciate your work so much when I travel on your wonderful Company..The best one",
357,YouTube,What are the qualifications needed to be cabin Crew in Emirates ?,
358,YouTube,Does Emirates have agreements with hotels around the world for its crew?,
359,YouTube,Such a cute job for couples,
360,YouTube,"I work for Emirates too but engineering department., being crew in Emirates is not an easy job .. you guys are really doing good 💐💐💐💐🎉🎉 great going",
361,YouTube,"There are quiet a lot of cabin crew video's around but I find them false & full of young women with false smiles & voices portraying glamorous life styles of beauty & travel. I get the opinion its the first class husband & uniform that is their draw card. The very fact that they are waitresses stuck thousands of miles in the air dealing with all sorts is completely lost on them. So thank you for your wonderful & very real video's, you seem like a lovely couple that get on so well together. Question : how do you get away with making some of the video's talking about the down sides of Emerates , I thought it would make things very difficult for you. Great video's Guys❤",
362,YouTube,great to know how emirates flight as a cabin crew! thanks,
363,YouTube,Female cabin crew is really good,
364,YouTube,Beautiful you make me miss Dubai i used to work there before ❤️❤️,
365,YouTube,"Why does the bag tag say SEA instead of CPH? Also, a 05:55 pick up to show up two hours prior without even including boarding? Hells to the no! Enjoy your tea, children amenities and three years conditional job offer without a union nor human rights.",
366,YouTube,As a regional first officer.....worst mistake you can make in life is date or marry a flight attendant...,
367,YouTube,"Wow nice but in this job, you really have to be fit all the time🙂",
368,YouTube,medical fact .... masks don't do anything....research this guys.... even dr fauchi admits this.... apart from that emirates is a good airline..... flown many times whilst working in the middle east,
369,YouTube,"Oh this brings back memories, as I used to work for airlingus her in Dublin ireland , your uniforms are beautiful , you both look stunning . Your passengers are so lucky to be looked after by the two of you xxx",
370,YouTube,Does the airline pay for the hotel too?,
371,YouTube,"Hallo, my Name is Günter. I cam from Germany. You have here a nice Chanel. I am very intristed in your work place. The Plans from Emirates cross my Country every Day. They came from London and Go to Dubai. Are you inside this Plans? I wich you all the best, from Germany. Bitte entschuldigt mein Englisch.",
372,YouTube,their uniforms looks so good. My company's uni seems like outta a thrift shop,
373,YouTube,So fun to see a bit into your lives at work. So interesting. Working on the crew is work for sure but hopefully very few unruly passengers.,
374,YouTube,one day al use this plane for real full of hospitality from their service crew❤️,
375,YouTube,why u guys brought your own foods from home? I thought cabin crew got complimentary meals onboard each flight?,
376,YouTube,"Cabin crew? Who wants to be that, what a horrible job, that's what you become if you don't finish school. Why are you acting as if this is a great job? Lol, I would be embarassed if I had that job",
377,YouTube,Can you be a cabin crew with level 2 cabin crew course do you need gcse English maths,
378,YouTube,"I'm really sorry that no body nows in order to enter this job, you have to take specialized courses related to this job so that you can be prepared for any incident during the flight in terms of medical care and possible mental problems, or cases of sexual harassment related to the plane. In this movie, Cabin Crew is just a person who has a good time and for It has been introduced to give just food to the passengers on the plane and I am sorry. Why is there no talk about the knowledge of cabin crew about different functions in different situations in connection with the plane and saving the lives of the passengers . Certainly, the founders of the aviation industry in the world do not spend so much on classes, clothes, transportation, insurance, and salaries for the cabin crew to feed the passengers on the plane. And the passenger's food can be provided to the passenger in a very good and hygienic package when boarding the plane and airlins save themselves from all these expenses . For information, the book of cabin rules has hundreds of pages of explanations for flight safety, which the cabin crew must be aware of and follow. There are many facts, one should think more and be fair . I hope a safe and nice flight for all passengers ، cabin crew and cackpit crew for all time",
379,YouTube,"My favorite airline ,beautiful crews, very professional service,n beautiful 💑",
380,YouTube,"I was cabin crew for many years with Qantas, I do miss it some days I loved watching this it bought back many fond memories!",
381,YouTube,Are employees allowed to have an intimate relationship together at Emirates? I thought the rules at Emirates were the stickiest out of all the airlines and would forbid it or discourage it.,
382,YouTube,"Now i know for sure i wouldn't do this job... very repetitive, robotic, tirying and not for real travelers",
383,YouTube,"I remember seeing airline crews checking in when I worked at the Grand Hyatt here in Melbourne. I also remember crew getting their allowance, I think it's a good idea to get it at your destination because that way, you're sure you'll have money for any emergency item etc. If it's included in your pay, it may go towards another expense or you might have forgotten/lost your card and you'll be in a foreign country with no money. Then again, I'm a very anxious person and always think of disasters! 🤷🏻‍♀️",
384,YouTube,"But to find black air. Plane workers,,,,it's hard, unless In ur own country,,,my friend had qualifications and enough papers than the rest but she was a black they denied her a job ..🚶🚶🚶",
385,YouTube,"What do you prefer, getting the allowance when you arrive? Or at the end of the month with your salary?",
386,YouTube,Proud to be a Emirates Employee,
387,YouTube,Love so much this video...you are doing amazing job,
388,YouTube,You are doing great job,
389,YouTube,Thank you to all the cabin crew’s for their hard work.. sometimes we forget how much they have do for us so that we can have safe and comfortable journeys,
390,YouTube,Sweet! So there is no rule against couples working together on the same flight?,
391,YouTube,The two of you are sooo cute together! You make working together so warm and touching! 🥰,
392,YouTube,"Beautiful people, so kind and elegant. I flu several times from Toronto to Dubai by Emirates and it was always absolutely the best. The best flights, and the best cabin crew always.",
393,YouTube,typical pretty little emirates crew ... joke. once you have seen emirates crew for so many years you see them for real posers and selfie cravers,
394,YouTube,yo what the hrll,
395,YouTube,EXCELLENT JOB WELL DONE 👏 ✔️ 👍,
396,YouTube,Hey Girl What is the procedure to enter As cabin crew in emirates (Have graduation degree in business ),
397,YouTube,I feel like I was behind this young lady either in Copenhagen or Heathrow last week! I remember that pretty purse and luggage,
398,YouTube,"I really enjoyed your vlog. You’re such a lovely couple 💖. All I was thinking how long you have to wear those heels, you must feel relieved when you can take them off !! Our perception of flight attendants, is that you live a glamorous life, jet setting around the world. You have shown us how strenuous & difficult the job is. Take care .",
399,YouTube,"They give each cabin crew an individual hotel room, always. This couple used one room, it's their choice.",
400,YouTube,Hey I loved your video. My name is preeti and I used to work with Emirates 2005-2009. I live in UK now with my sweet little family and I’m also an aspiring youtuber however most of my vlogs are in Hindi. However if you ever come to London or Birmingham do let me know if possible and would love to meet you,
401,YouTube,Great history this Airline can't wait to see new crews from Fiji joining.,
402,YouTube,It looks like you are a married couple if so is that true and does magament know this and really like working together,
403,YouTube,"I Have blog mentioned.. Here it's safe .. have some online amazon shopping banners I have provided.continues monthly needs continued, will start website's. if MONTHLY,WHEAT, COOKING OILS, DUSTBIN BAGS, WASHING POWDERS, SOAPS, SHAMPOOS, CLEANING THING'S.. world wide tse.. world statistics to be INDIA TRAPS TO kept as there dirty diseases populated as in computer..pay pray £30,$25,€23 to world HR life org from 2021 for me correctly to be as EASTERN ANY RICH POWERFUL COUNTRIES NEEDED TO BE FASTER",
404,YouTube,Emirates crew went to emirates.,
405,YouTube,So u crew had a living relationships without marriage.... Come to life reality it's like living in hell,
406,YouTube,Do you guys not get crew meal?? Why do you need to pack all those food?,
407,YouTube,I love traveling and costumer service jobs,
408,YouTube,Fabulous video. I worked for EK for 14 years and still miss so much of it.,
409,YouTube,I was thinking of becoming cabin crew and I saw this video today 😊,
410,YouTube,"Why do they have to take their own food, do emirates not feed the crew on board?",
411,YouTube,Supporting anything fom this disgusting abusive country is wrong.How about someone ask these cabin crew where their passports are.............similiar to the hundreds of thousands of Indian and Pakistan slave labourers they use to build their shitty cities,
412,YouTube,sorry guys i dont pay attention to all cabin crew /its a tough job,
413,YouTube,Do you guy always fly together? Or do you ever do separate trips/shifts?,
414,YouTube,The pilots enjoy alot .Kissing those beautiful cabin crew is just a beginning.,
415,YouTube,Huge respect to you people....we just see the luxury hotels that you stay and the world tours that u enjoy...but never saw behind the scenes or rather a long day of work 😉 good luck to you peeps and ❤ from India 🇮🇳,
416,YouTube,got so lucky to be able to work and travel together .. you both are meant for this and do it so calm and well and both look happy most importantly not sure how you do it!! god bless,
417,YouTube,"Apartments for the crew in Dubai is only for the same sex, males only or females only. Also this is difficult job. You don't have a base, you home always traveling. How you can make a family and have children? Difficult job, although high salaries tax free. You don't have your comfort zone. Stability. Only if you are young 22- 28 years old perhaps.",
418,YouTube,"I can’t even say how much I envy you guys! Getting to work together, experiencing many adventures, seeing lots of places. All of it together! Absolutely love it!",
419,YouTube,"Dream job, dream relationship ❤️",
420,YouTube,KLM cabin Crew here the guy is not gay that's something New!,
421,YouTube,Thanks that reminded me nice moments as cabin crew in Emirates.,
422,YouTube,I hate cabin crews reminds me of my teachers always asking something to do . Try close seat beat . Hope one day an airlines comes where I can just sit without anyone asking me anything to do,
423,YouTube,Wonderful job,
424,YouTube,"The airline may be very good at what they do, but do not forget that it does not like ANY lgbt staff working for them.",
425,YouTube,Did the whipped cream get through?,
426,YouTube,I love emrites flty n no doute best crew of emrites flty waaaaooo 👍 love from Karachi Pakistan 🇵🇰,
427,YouTube,"Its mean, sex between crewmembers is allowed? Cool!",
428,YouTube,Hello my question is how to apply Emirates crew you look like this video.,
429,YouTube,What a tedious job. I cannot understand why this appeals to anybody.,
430,YouTube,My flight Experience with Emirates very comfort...n friendly crew there,
431,YouTube,how do you manage to be at the same flight crew? do you always fly together?,
432,YouTube,Can’t wait to be a cabin crew 😄,
433,YouTube,Nice job both👍,
434,YouTube,As a former flight attendant the job is highly time and energy consuming my gf and I started at the same time but I need to resing my papers due to hardness of the job I wish you both good luck and safe flights,
435,YouTube,Wow you guys work in Emirates that's great i always travel with Emirates whether it is business class first class or economy actually most of my friends are cabin crew and pilot❤️,
436,YouTube,"Is this couple allowed to work together, although they seem to be a couple? Maybe Emirates regulations allow it...",
437,YouTube,How much do emirates pay approx pls tell? I am interested in pilot.,
438,YouTube,Are you couples working in the same airline?,
439,YouTube,Was also so curious about cabin crew life! Seems really tiring though after long flights. (btw she is so gorgeous!!),
440,YouTube,"You guys are amaaazzzing!! I don’t know how you do it. As passengers we see the glamorous side of being an air hostess, the lovely uniforms, free travelling and stays you have in lovely hotels, but behind the scenes it’s long hours and hard work, with you having to continuously wear smiles on you faces even when you are sooooo tired 🥱. I personally don’t feel that the salary reflects the hard work. Blessings to you lovely couple. Thank you for sharing. Coral 👍🏾🙏🏾❤️",
441,YouTube,Is it your wife the woman you work with?,
442,YouTube,been traveeling with emirates since i was born :) u do a great job and service,
443,YouTube,Are you guys couple?? Or you just live together for work??,
444,YouTube,Nice cabin crew couple 😍,
445,YouTube,"What a beautiful couple, always wanted to know what you guys get up to in the background, thank you for sharing, now we know. What an awesome job, well deserved ♥️",
446,YouTube,wow!husband and wife on the same job! i'm sure ababy' would be difficult!,
447,YouTube,Wish my husband can one day work with the Emirates group,
448,YouTube,i have a weird question but do they have to pay for everything or get a ticket,
449,YouTube,Very nice I loved it so can u give any advice so how can I get job as a cabin crew,
450,YouTube,"I’m working at Dubai Taxi.. I never seen before such amazing people like them. They are royal , gentle, polite, helpful. Thanks to help us..",
451,YouTube,Totally different in reality being an employee...,
452,YouTube,I flew with you guys once between Jahannesburg and Dubai. What lovely couple. But we are lost now as you guys have left Emirates!!!! But i sure hope you enjoy your new life. I agree with your previous statement that flying is very tiresome. All the different times of being awake. I use to work shifts from 1980 to 2000. Left that job as i was really in melt down. Aeaiting your new video.,
453,YouTube,keep up the great work,
454,YouTube,"when I was a security guard in Abu Dhabi, I'd would walk to an accommodation of Etihad and just watch the crew board their buses...I personally wanted to be one(went for open days etc.) but gave upon realizing my chances were slim after a thorough research especially being a black African Male approaching 25(at the time). because of my observation skills I'm able to spot one..they're so well composed and organized(I believe they're groomed to be)..had a chance to date an Etihad crew but covid restrictions made me move to Dubai so we couldn't work it out..I've always wanted to know what goes on in a crew's life and this video did it for me...this was a great video, thumbs up",
455,YouTube,Is it possible for u to disclose how much you will get paid being a flight attendant in emirates at the very first beginning? If you don’t mind explaining what is included as well as i know it is complicated for the salary of a flight attendant because it usually comes with sever sectors. Thanksss,
456,YouTube,Is this adorable couple Italian? Love that Emirates gives foreigners an opportunity to work for their airline.,
457,YouTube,My dream job since my childhood. I'm so sad cause I was not selected to the job,
458,YouTube,"this is incredible, and this is me a zambian that has always and ever dreamed of becoming a cabin crew member ,watching your video just got me so emotional you guys are lovely, because of how hard it is to get a job as a cabin crew member of Emirates or any other airlines, how can you guys help for one to get chance to be a cabin crew member and honestly I'd love it if you guys helped me to be cabin crew member",
459,YouTube,I swear there's a certain poise and elegance that cabin crew members have,
460,YouTube,Emirates only employees attractive people. Ive never came across a fat cabin crew.,
461,YouTube,The crew appears nice and their uniform is great also but covering it up like you are working in a bio weapons lab just kills it.,
462,YouTube,"Hi!I'm from Philippines I enjoyed watching your video, it inspires me to be a cabin crew in the future. Can I ask how to be an Emirates Cabin Crew? Thank you!",
463,YouTube,Emirates air hostesses are lovely but the Dhabi airport crew 😩😩 I would love to fly with emirates again but what stops me is the PTSD from the airport crew. That experience was traumatic,
464,YouTube,"This is so interesting! A few questions: - did you two meet on a plane? - can you always work together or do you have different work shifts? - how many Emirates outfits do you have at home and how many do you have to bring? - do you have Emirates suitcases and if so, do you have to pay for them? - do you have to bring your own food on the plane or can you eat yummy meals from business class?",
465,YouTube,"bruh, only become a airplane crew if its ur dream. the job is a scam, a typical airplane crew gets paid 4,000 a month which is 50,00 a year",
466,YouTube,i loved this video. it showed how you both take your work seriously and the physical strength you put in for the preparation before the flight even begins. thnku for your good work and kindness to both of you. keep it up,
467,YouTube,"Great to see a behind the scenes look at Fa's at work, lovely couple. I used to work at a major airport as ground staff, so makes it more interesting",
468,YouTube,"What a lovely couple!!! I was cabin crew for over 32yrs with BA. It's nice when you're so far from home, to be with your partner. ❤❤❤",
469,YouTube,Do you always get to work together on the same flight ?,
470,YouTube,Questions (just out of curiosity!) have you ever known anyone who has... 1) Pulled the wrong carry on bag off the bus (since they all look the same) 2) Got on the wrong bus to the plane 3) Went to the wrong breifing or got on the wrong plane shift?!,
471,YouTube,Seeing this i felt like humans working like machines no hate but this is just i felt,
472,YouTube,Hello from Brisbane Australia where we have emirates flight crew daily at our hotel 😊,
473,YouTube,"Dream job of many , reality for few.",
474,YouTube,"How do I join this team I applied for Cabin Crew and rejected my application, I really want to work for Emirates anybody to help me ?",
475,YouTube,Good thing Emirates allowed u to film while working and share rooms even post duty??,
476,YouTube,"Gorgeous couple thanks for sharing your work routine... I can’t do that work every single day, sorry seemed a hectic life for me.😂",
477,YouTube,Just amazing that Emirates is. A forward looking Airline... Just wondering if this same couple can. Work and travel and stay in. The same room if it was any Asian Airline. 'PIA. 'AIR India.. Indigo.. Etc.. It's cool..,
478,YouTube,"I’ve lived in Dubai. NEVER AGAIN. I have friends and family that work forEmirates. Its a shitty place. Overrated and cheap labour. Over expensive and hardly any human rights. But you guys try and make it all look glamourous, when it’s NOT.",
479,YouTube,"Wow this is amazing , i want to ask if there's a married couple working both as cabin crew they put them always in the same flight ?",
480,YouTube,Wawoo nice job this is your wife? Tell me please.,
481,YouTube,I flew emirates for the first time and was very impressed with the service . On return I felt disgusted and ashamed of the arrivals lounge at Heathrow Airport . Clean it up Heathrow these lovely people will be arriving there soon . Well done guys . Great job Loved the A380 plane,
482,YouTube,the hotel you stay at is deducted from your salary? is it paid full by company or discounted price?,
483,YouTube,Beautiful video. Beautiful crew. Beautiful airline . Always my fav ! Everyone is always super polite. Thank you for working hard to make each of my flight with Emirates as enjoyable as possible ❤️,
484,YouTube,Hello sir mam Anyway to get any job their? Plz helps to get any job in emirates Staff or like that,
485,YouTube,"Assalamualaikum Incredible journey on the destination airplane @Emirates Mascapay, thank you, Allah SWT bless us 🇦🇪🇮🇩✅",
486,YouTube,"You definitely get what you pay for when it comes to Emirates. The attention to detail is superb. I live in California, it is on my buckey list to fly on Emirates A380 in one of the 1st class suites to Dubai",
487,YouTube,"Please answer my question, as you're continuously working in different time zones, how do you manage your time? Do you follow any specific time zone for simplicity? Do you keep multiple watches?",
488,YouTube,How to join the job....? I need that job....,
489,YouTube,I left EK back in 2010. I haven’t seen the headquarters or crew rooms and accommodation in that time. Seeing it again made me feel very emotional 😞,
490,YouTube,i have one question can you please answer To be a cabin crew do we have to show degree and how much did you score in borde exam ???,
491,YouTube,You both look so awesome. Thanks for making this video. It will help who have dream of this job. It's a quite tough job. I really appreciate your work. 💝💝,
492,YouTube,"Great video!!😍 I was wondering, do you get the same flights together with every shifts? I didn’t know airlines could do that😍",
493,YouTube,"Emirates cabin crew, always looking dope. Hoping to fly Emirates airline very soon. Weldone for all the hard work to ensure everything is organized and everyone is attended to onboard.",
494,YouTube,"From an ex crew, this brings back soooooo many memories omgggg !!! Amazing!!!! Things haven't changed much at all since I stopped flying in 2013 ! Eeekkkk showing my age now lol 😆 Enjoy all the travels !! They're the best times of your life !!! I miss that red hat hehehe 💗💗💗",
495,YouTube,"I won't ever fly with Emirates : they murdered thousands people in Yémen. They are like Israël... but like them, one day, they will pay.",
496,YouTube,Do you normally sleep together as crew? So sex is not an issue for cabin crew? Maybe you can change partners after a month?,
497,YouTube,Are they couple ? It’s weird to see cabin crew like this . They’re suspicious. Are they Arabian,
498,YouTube,believe in the Lord Jesus Christ,
499,YouTube,I used to work for emirates and know how strict they were with crew having phones out and filming on board and also sharing on social media. so I’m just wondering how you were able to film this?,
500,YouTube,Not a easy job under any circumstances.,
501,YouTube,Heathrow to Dubai then to Bangkok with Emirates in 2000. I'd just booked a last minute deal and had never heard of Emirates. The best flight I've ever had and never bettered.,
502,YouTube,Tough Job 👌👍,
503,YouTube,Love watching your videos. I use to fly for Norwegian but Covid ended their American flights and crews.,
504,YouTube,"i have always wanted to be a part of the cabin crew of emirates, or any airline company i look up to you two and you guys inspire me 🤩🤩🤩",
505,YouTube,Very interesting to see what happens behind the scenes for cabin crew. And this couple is so sexy. Can you imagine the sex these two have after a long flight? Hot! I thought it was interesting that there is a time for cabin crew to meet each other and introduce themselves in the briefing before they get on the plane. I thought they pretty much traveled with the same crew most of the time.,
506,YouTube,What kind of luggage are you carrying in this video? By the way love both of you. Hardworking lovely couple,
507,YouTube,So if you work for emrites and live in Dubai you have an apartment that they help you find etc? And then they have a shuttle to those apartments every 20 minutes? That’s really nice.,
508,YouTube,More harder when your partner has another job.,
509,YouTube,"hello .... i want to ask many questions .... do Emirates provides you visa and ticket to dubai when uh apply as a cabin crew .... for training .... at a time ⏰ of training do they provide you food 🥝, accomodations, pick and drop and some amount to stay in dubai ...?? after 6 months what is the basic salary and do they give salary at a time of training ..... how much hours we have to spend on working/month .... time gap b/w two flights",
510,YouTube,What a coincidence that your frnd was travelling too right... well I am a crew too so I know how where & who is shooting. While landing also he had camera on hand so that is the perfect example that safety is being compromised... & sorry that I am unable to reply on the comment you made about me making conclusions cuz it is not redirecting me to my previous comment... & I guess more then me you need to learn how to be polite... sorry that I discovered your page & thought of investing my time here... anyways all the best to you both bye,
511,YouTube,Only you both are the flight crew for this flight?? (Excluding the pilots),
512,YouTube,"Great insight into how dedicated you need to be to work as CC. You deserve the time you get to relax, especially after working unsocial hours, being away from home and starting work at all hours of the day. I really take my hat off to you. Thanks for the upload, liked, bell'd and subb'd.",
513,YouTube,Difficult part of this job is holding fart in entire flight may be up to 18 hours. 😁,
514,YouTube,Are spectacles allowed for cabin crew..?,
515,YouTube,"Looks unrealistic, male and female cabin crews are alloted different accommodation in Emirates",
516,YouTube,Insha Allah 🤲 beautiful couple and great job life will be joyful 4ever🙏🏽,
517,YouTube,Amazing welldone for doing this beautiful job 🇬🇧💯,
518,YouTube,"I travel often and Emirates is still my favorite flight. Thank you for sharing your life behind the scene with us. The crew member is the best. I always love seeing you all walking, like super models.",
519,YouTube,"Great video, but do you not get in trouble for filming on flight or whilst working? Just curious",
520,YouTube,How much is your salary,
521,YouTube,Does couple like you can work together? Amazing...,
522,YouTube,Wonderful couple working together in a flight environment. Thank you for the information from you guys that have revealed to us the real life of a Cabin Crew from the Real Cabin Crew themselves.,
523,YouTube,Hahahah Lolz. What a joke. Everyone knows whats life of an ordinary cabin crew. Everyone knows how VIP and elite culture is Everywhere in this corporate and in all corporates. Everyone knows how Promotions are driven within these type of semi-asian managment orgnizations. So cur the crap... (regardless what Customer see from outside..),
524,YouTube,"I think the cabin Creew job...Is a really a bada kind of work! Impossibile ti schedule a private Life, impossibile follow our passions, family.... I think Is good only for 2 years. No more.!",
525,YouTube,"You are soooo lucky guys, I would never have the means to pay a hotel nor a flight like that. This world is unfair. We have to watch how the rich live",
526,YouTube,Why do EK crews check in a bag as opposed to carry on?,
527,YouTube,It's always been my dream to be part of Emirates Cabin Crew❣️... Still hoping🤞,
528,YouTube,"B.S not a big deal, thousands are working as cabin crew around the world! so what's up with these two ????",
529,YouTube,"When I was young, I used to like the idea of having this work lifestyle, but realistically, 'traveling' to places that mean nothing special to me just because the company you work for requires you to do so is no longer my idea of traveling... especially when said traveling revolves pretty much just around long flights inside a flying can and airports, and back and forth to hotels, with very little time to explore, experience, and enjoy the places you travel to. That's not traveling to me, that's moving around, and I don't think you could pay me to do it these days, too late for that.",
530,YouTube,Cabin crews have a bed to sleep and they get paid and there is me pays money to just sit for 12 hours :) lol,
531,YouTube,If allowance is attached to salary or is it a salary increase? Do u have to convert the currency and pay for conversion yourself? Do just log your food expenses and the give it to u with you salary? Will love if u can explain how it works.,
532,YouTube,"If I fly , I only fly with Emirates .... Love crew and they kindness..... can’t wait to fly with you guys again from Sydney to Zagreb !!!",
533,YouTube,I’ve never seen any black skinned person working at Flight Emirates ... do they have any ? Because I’ve been wanting to apply but since I’ve never seen one I’m Just so scared to have a bad experience or huge discrimination..... because I’m black .... Thanks for the answer if you see this comment,
534,YouTube,"Thank you for your video, I enjoyed it! I know you both work very hard, I'm glad you get some downtime too. Are you always assigned together on the same crew? If so, that would help some to fight the loneliness away from family. I'm going to watch some more of your videos. ❤️",
535,YouTube,You guys live near my school and quick question is it the Emirates headquarters or is it a public apartment the reason why I'm asking is because I see the Emirates bus often picking someone up or dropping them members from the Emirates airlines BTW thanks for showing what is like as a cabin crew member My passion is to be a pilot or a cabin crew member.,
536,YouTube,"My girl friend is in emirates too, when she lands the first thing she does is calls me & will share her experience about her flight. Than she comes home, she rings the bell three times🤣so I realise its her...so I run open the door..she takes shower & jumps on bed & within seconds she is dead sleepy. I empty her luggage, make food for her...because when she gets up she is damn hungry, I kiss her forehead goodbye & she smiles in sleep and I leave for my work. I think people don't appreciate them much. Being cabin crew is not only exhausting, but also you gotta comprise lot of important stuff in life. Hope you two have a successful life full of love & happiness..🤗",
537,YouTube,Are you married?and can you fly together ?Cause when i was cabin crew in my company we had as well couple husband and wife like but they never flew together.Because for safety like.Do emirates put you on schedule together?,
538,YouTube,"why does the crew carry so much luggage? All they need is change of uniform and hygiene products. Its work, not vacation.",
539,YouTube,"Very nice, decent and great viewing. You two are true professionals, I expected nothing less from Emirates Airline crews, and we thank you for your service. 👏👏",
540,YouTube,Great insite guys showing what Goes on.I have too admit I don't miss the Shift work ...As I was a Qantas employee for 14 years.Ive decided too semi retire an purchased a 10ace hobby farm .It's been 3 years now.Havent seen a Airport or a Aircraft in all that time.Happy Flying guys.,
541,YouTube,"I'm always very respectful to cabin crew when I fly. I worked at restaurants as a food runner when I was young and I won't imagine doing that in a flight + all the tasks you have to do for securities, speaking differents languages and all having very long flights etc. Must be tough",
542,YouTube,Thanks for actually showing something how it is at the back. I think it looks very exciting at a distance but It’s a hard work what you are doing as a job dear lovely couple. God bless you!💕🌹,
543,YouTube,Heey i really appreciate every staffs...i am a 15 yr old girl and i wish to be a cabin crew... ⭕️How much is the salary? ⭕️Did we can stop when we needed? (It will be helpfull if your replied me🙂),
544,YouTube,Lovely couple would love to work for Emirates.,
545,YouTube,"You should consider recording something different next time. If you search for EK/Emirates cabin crew, you will find the same thing over and over again.. Learn to be creative",
546,YouTube,My experience with Emirates has been very bad. On my flight from Amsterdam to Dubai the crew members missed out on my Veg meal and instead of accepting their fault they argued that I never opted for one. I showed them my booking details and then they accepted. Also highly poor service. I asked for one soft drink and they did not give me till 30 minutes. I had to getup and ask for it. Emirates is highly overrated. Singapore airlines and Qatar airlines are way much better.,
547,YouTube,"I think no matter how much you try and glamourise it, it’s still an average tiring job.",
548,YouTube,You'd never see QR crew do this. Omg that company treats the crew like they're kids😐,
549,YouTube,Travelled on Emirates only twice to n from India to SA via Dubai (work related)... Loved the experience n I wish to my parents once on emirates.. Beautiful vlog .,
550,YouTube,"Before you gave your girlfriend/fiancé/wife a kiss, I was going to ask if you two were significant others, since you were sharing a room, as well as if it’s common for couples to be on the same flight crew? 🙂",
551,YouTube,"Wow! Would definitely get fired if I ever made a video like this at QR Thank you for sharing this, it’s so cool to see other airline’s life and work",
552,YouTube,You guys are doing very nice job really 👏👏👏. Because of you only people like me are able to know the life of Emirates cabin crew. Love you guy's. Waiting for your new video.,
553,YouTube,#crewlife great video ... long live Emitates crew 💕,
554,YouTube,Typical. Pilot find a fuckable cabin crew member with a dirty pussy.,
555,YouTube,"I really despise Dubai and everything about it, on one hand you have those influencers taking pictures on the tops of skyscrapers and on the other hand there are people (mostly from india) who get tricked into coming to dubai for a working opportunity, they get human trafficked there, their passport is then confiscated so they can't return and that's how they become slaves (their real salary is so low they are happy to eat one meal a day, live in flats with around 30 other people) and can do nothing about it, Now you should understand why Dubai is the place with the most daily number of suicides at present day... I hope the sea level rises and floods that piece of super expensive bullshit of a city along with unimaginable suffering of trafficked workers :( :( :(",
556,YouTube,I did not know Thiago alcantara is also cabin crew besides being a Liverpool FC player.,
557,YouTube,What is the salary of you guys,
558,YouTube,Thanks guys for sharing your day and a flight attendant’s life It seems all luxury and full packed glamour. It is no doubts with endurance of hard work like in every other careers. Stay safe and happy,
559,YouTube,"Lovely video, a good insight on the life of Emirates crew at the base and abroad . Is this an official airline video or privately made by film actors? It shows private life of a couple with their personal intimacy shown in video , I guess it's not sponsored by the airline.",
560,YouTube,Any stories about cheating? Is it as we all imagine between cabin crew and pilots? (Not talking about yourselves of course),
561,YouTube,Wait.... how do you manage to get staff on the same flight I though it was random crew assignment for every flight,
562,YouTube,You guys deserve a lot dudes. After all dusting out and laying in bed will be sooo warm.....thank you you both and people tons like you overall in world flying caring and we Passengers should also have the same smile given back to you as you all deserve it more. Finally I would still say you guys should be given some local currency when you check in rather than adding in pay check.....would be sooo handy.... Emirates pls try to weigh this out!!!! All the best for your service to Mankind.....one worthful service to all of us,
563,YouTube,Thank you for sharing your worklife. What a fascinating insight behind the scenes 👏.,
564,YouTube,"No Need for Price Hikes Lately, headlines have been warning that prices are about to go up. The price of many commodities has already started rising and pundits alert that this is only the beginning. “Unilever warns of more price hikes as inflation worsens,” writes Reuters. “As Inflation Persists, Everything Is Getting More Expensive,” echoes The New York Times. “Fed to begin slowing economic aid as inflation worries rise,” warns the Los Angeles Times. Everyone has become gloom and doom prophets, but no one is asking why there should be inflation in the first place. Commentators on all news outlets explain that shortage of computer chips, jams in supply chains, rising oil prices, and a spike in consumer demand following the termination of the closures are all contributing to the price hikes. I think we should not be so credulous; behind all those “crises” are people poised to make billions over billions at our expense. They will not starve us; starving people doesn’t create revenue for tycoons. To keep padding their bank accounts, magnets will give us crumbs here and there to keep us going. They won’t deny us food or electricity, or other staples, as this would send people to the streets, which is bad for business. What they will do is stretch the wire thin until it almost snaps, and squeeze from us as much as they can without crossing over to riots and mayhem. We might think that if someone else were in charge, things would be better. We might elect a new president, force the government to “regulate” the rich or tax them, but it is all for nothing. In order to get to the top, you have to be like the people at the top, but worse, or they will crush you. As a result, anyone who gets to the top is already willing to perpetuate the system. Moreover, we the people have been numbed for so many years that we can no longer imagine a different life than what we have. We have been made to think that life is a struggle for survival. All the while, the chiefs are running a completely different life than ours, one we cannot even imagine. In their parallel universe, which governs ours, money doesn’t buy gadgets or vacations, but power, control, and much more money. But there is one thing that money cannot buy, and it is not love. Money can’t buy meaning! When we begin to ponder the meaning of the rat race, the reason for the madness we call “civilization,” and indeed, the meaning of life itself, we will transcend all physical boundaries. For now, the inequality and injustice that are spreading through society are only aggravating our misery. Eventually, they will force us to ask what it is all for. When this happens, we will begin to learn why we are here and how we can rise above the physical shells that host our tormented souls.. We will not begin this process of self-education until we feel that we have suffered enough. It is therefore my hope that we will decide to terminate this senseless ego-game and start rising above the power struggles as soon as possible. Once we embark on the new journey, we will discover that we have been deluding ourselves the whole time thinking that we can rise above others. We will discover that we are all connected, so every time we hurt someone, we hurt ourselves, as well, in ways we could not notice. This is why in our previous mode of work, we could never be happy. We will realize that we can be happy only when everyone is happy, just as no part of the body can feel good unless the whole body feels good. Our biggest enemy is ignorance. Our obliviousness to our interconnectedness makes us act in the selfish ways we do, so our first and most important task is to grasp that pain anywhere is pain everywhere. Only if we understand this, we will act in a considerate manner, and we will suddenly discover that there is no need for any price hikes, there is no shortage of anything, but rather abundance of everything that we might need to give us a good, secure, and happy life.",
565,YouTube,"Thank you for showing us the other side. I usually respect every individual doing their job but, this video has given me another learning!!! You all are doing a hard work! I was only wondering if they don’t provide the food to their own staff or is it for your own convenience that you can BYO food? Thanks",
566,YouTube,Airhostess k sath me bahot kuch hota he it's not safe job,
567,YouTube,"Good job, I love it. Blessings.",
568,YouTube,"This not a job is a great responsibility,i wonder how u normalize take off n landing...great honor guys",
569,YouTube,I really didn't want this video to end. I enjoyed watching the BTS of being part of cabin crew.,
570,YouTube,"VAL - SO GLAD I FOUND YOU GUYS, NICE TO SEE ALL THE DIFFERENT PLACES. HARD WORK FOR YOU BUT SO INTERESTING. WISH I COULD SEE ALL THOSE DIFFERENT PLACES. STAY SAFE. VAL",
571,YouTube,Fascinating inside look at your work. Thank you.,
572,YouTube,You got new suscriber & if i want to know something about job will you help me,
573,YouTube,What is the worst part of the job Babies crying or rude Karen’s,
574,YouTube,QUESTION: how Long you normally stay in Like copenhagen before you have to work again and go for the next flight?,
575,YouTube,This appears to be a publicity video for Emirates. There are many Emirates cabin crew reality videos on the tube.,
576,YouTube,Great video. Thanks for sharing. I always fly with Emirates to Manila. Keep up the good work and stay committed towards great service for many. You both are beautiful people.,
577,YouTube,How did you guys get to work together? Did it take having to build up your seniority?,
578,YouTube,How i get a job in Airport,
579,YouTube,i did not see u go through security?,
580,YouTube,Great job 👍,
581,YouTube,Stunning and perfect inside and out love it good job on the hard work,
582,YouTube,Beautiful share. You all are doin a good job and helping all the passengers relax,
583,YouTube,Great job ! Enjoy !,
584,YouTube,"I'm also a flight attendant but for an american company and it's very different....Emirates is the best and so classy with great service but yes our jobs are very demanding....alot of flight attendants dont live where they are based, like me....I live in Florida and have to commutte 2 hours or so to my base in NY ,then wait in the airport for about 4-5 hours to work my flights to Europe....and then when I come back from Europe I do the commutte again. We fly stand by to get to work and back home..the airline does not give us confirmed seats because we chose to live away from base....I've been doing the commutting for 22 years, its tough but I love my layovers and I do about 4 trips a month..less than most...onboard we all work really hard...passengers have no idea what the job takes 👍😆",
585,YouTube,Are you always on the same crew (flight)....or some times your on different flights?,
586,YouTube,One of the toughest jobs in the world . Always on your feet and you have to always wear a smile even when you have nasty rude passengers .,
587,YouTube,Thank u for ur service on flights. U all r so pretty and handsome. I’m always checking out the cabin crew on airlines. So calm and caring. Singapore airlines r my favourite. Never been on Emirates but will go someday. Just remember u all r amazing 🤩. Natural beauty,
588,YouTube,"My guy broke every single image and uniform code the supervisor could come up with on that tablet of emotions! and not just that, used his cellphone on the plane during work and on a jump seat! Before covid they would have fired our asses if we just kept the phones in our pockets! Hopefully this guy and his girl still have their job!",
589,YouTube,"My ex was also an emirates crew and the way of living theyre exposing is far from reality, thats why he moved to Flydubai. They all live in the same building in Silicon oasis or close, they basically live for working, someones picks up the crew and drives them to the airport and back, you do not have any free time cuz youre always on standby or abroad , etc, all these things make it look like slavery to me.",
590,YouTube,Lousy cabin crew when I asked for helped .. cant forget that .,
591,YouTube,"Really appreciate how disciplined and professional you guys are. It’s not easy working a job with no proper sleeping patterns and away from loved ones. My sister was an EK cabin crew for 10 years and it was not an easy job. She missed us dearly every day when she first started and cried when I left Dubai after the holidays during her first year as a cabin crew. I really appreciate your hard work and compassion despite having jet lags, missing home and strict rules EK cabin crews have to follow to maintain the image of Emirates airlines is not for everyone. Despite that, the experience of working for Ek will remain the best most unforgettable memories no office job can offer.",
592,YouTube,Pakistan internatiinal airlines gave 3 planes to start emirates airlinevin 1980. Now they are number one airline in the world. Only because of hard work and continue imorovement in services. PIA is just a small airline brcause of corruption and non qualified staff. Emirates is best.,
593,YouTube,How come the crew manage to remain to fit without a workout 😁,
594,YouTube,Did not know the male and female flight crews share a room,
595,YouTube,More than half of vid is to go to work.,
596,YouTube,I salute you guys for the hard work you do! God bless you!,
597,YouTube,"The work together live together, hope do not get bored each other.",
598,YouTube,if i got this job i wld never quit or leave it,
599,YouTube,"This was a beautiful video, I appreciate the flight crew so much more",
600,YouTube,Thanks for sharing us how you do your job.,
601,YouTube,Nice to know how you do your routine in going to work. You bring your own food.,
602,YouTube,You look smart and snazzy. Are there a lot of couples working at your company? How long have you two been together? Take care.,
603,YouTube,My portfolio has grown tremendously all thanks to my trading manager for the help.,
604,YouTube,"I flew with emirates in the march from dubai to london and cabin crew hadn't worn hygiene clothes they just had a mask , but it was an amazing flight",
605,YouTube,Love your content...can you please do a video about how to become a flight attendant and the process you have to go through,
606,YouTube,"Well, NOW you know what to post and engage your audience. Keep up the good work and be careful not to let people down. Waiting for such content. Love it!🌺💖",
607,YouTube,load of rubbish one of the worst airlines to work for,
608,YouTube,Believe in Lord Jesus Christ/ Lord Yahshua and Repent from y’all sins/ evil deeds. Lord Jesus is coming soon repent and turn to him before it’s too late. Sin Hell is real. Sizin allah muhammad and indian greek gods and goddesses quran ramadan gerçek degil ve yalan. Your Mandean ginza religion is fake and not real Christianity is real and truth. Read the Bible Word of God and Gospel of Lord Jesus is real and truth and Receive the Holy Spirit and his fruits,
609,YouTube,What do I need to be part of the Emirates cabin crew?,
610,YouTube,I want to ground staff can give job sir or madman,
611,YouTube,"Life is really tough for Cabin Crew and they always put on a smile and ignore the Bullshit, Thank you for the Service 🙏🙏🙏",
612,YouTube,I'm working here in Dubai as a nanny/ housemaid and my employers are both working as cabin crews.madam is working as supervisor in Emirates airline and sir is working as senior cabin crew in fly Dubai 😊🇦🇪,
613,YouTube,I want to work as a fight attendant for Emirates so thanks for this great video 😁👍,
614,YouTube,It’s a tough job u people are very patient nd nice towards passengers 👍,
615,YouTube,Emrites great service. Very hard job .love you. Eager to travel with you again and again,
616,YouTube,My first flight with Emirates Airlines was back in 1996 and the way they treat their passengers is Impeccable..Love it..Appreciate all your hard work X,
617,YouTube,"I know some people out there will say these kinds of videos a security risk, but I think the more people who see these kinds of videos of someone's job and what it is that is required help in bringing peace to this world. As someone who will be flying international later this year from the states, I can definitely feel a little more relaxed and ready to fly knowing how flight crews like this work. I mean yes, sure the responsibilities probably vary between flights and airlines. This video did not feel 12 minutes long either, more like 4 maybe 5 minutes long at most.",
618,YouTube,"avoid all the gulf airlines for employment, you will be working like slaves, its called modern glamorous slavery",
619,YouTube,"Just curious, do Emirates know that you two are couple travelling together? Or do they allow couples to walk together? Most jobs don’t allow it.... But i love how you two co-ordinate!",
620,YouTube,Watching from the Philippines 🇵🇭! It is my ultimate dream to be a Cabin Crew. I tried so many times but i failed 😞. I really look up to every cabin crews out there. Hope i can be one. ❤️ God bless you all!,
621,YouTube,"Thank you both of you for showing all of us, a glimpse into your work environment. You two, certainly make the job look and feel glamorous! Also I am very pleased to see, that The airline takes very good care of, their crew! Please keep these high quality videos coming!",
622,YouTube,"Wow that was awesome thanks to.the crew members for all your efforts in making passengers happy. To be honest I want to be a cabin crew member,,I love to travel ,u love visiting new places so being a crew member?, will help me lot",
623,YouTube,"Tough Job, all the very best",
624,YouTube,Amazing work well done guys very gorgeous video,
625,YouTube,Which course should i choose for cabin crew job ?? Please answer please 🙏,
626,YouTube,As a worker at the airport I’ve always wondered the activities of an air hostess. Great video,
627,YouTube,You both look absolutely beautiful and That's an amazing and ofcourse a tuff job. And I'm a student of hospitality management. After completing my degree i wanna join airline industry could you please guide me the procedure? It would be very kind of you.,
628,YouTube,I want to become a cabin crew kindly tell me how it is possible,
629,YouTube,"Nice, video. I see Emirates flights everyday flying over The World Islands (Man made island 😊) I work there, never been on Emirates Air, but have a dream to travel in one sometime..",
630,YouTube,what can do to become a cabin crew? i have been applying but I have not been called for an interview,
631,YouTube,"Nice vedio. ,,, by the way recently I applied for cabin crew and i was a hotel management degree holder and currently i was staying in dubai ,,plz if u can help me out . Thanks in advance",
632,YouTube,Love the video! Do you guys get to work all flights together?,
633,YouTube,Good one bro ..it was my ambition to work onboard flight as a cabin crew👍🌟❤️‍🔥🔥❤️,
634,YouTube,SCREW EMIRATES........ AND DUBAI....,
635,YouTube,What if the captain wants to go to the bathroom 🦧,
636,YouTube,"I used to be the partner of an international long haul flight steward, and had the opportunity of flying on the same flight as he quite a few times. So I know how magical and grueling the trips can be. It was always lovely to get an upgraded business class seat every now and again. Good memories of the places I got to visit. Nice to see beautiful couples working together such as yourself. Looking forward to your next adventure 🤗",
637,YouTube,"working in aviation industry here,DXB",
638,YouTube,"Okay I get it, the flight crew gets to sleep and boink the flight attendants, also they get to stay in top notch hotels! Now I know why their flights are so expensive. Also, I got a great chuckle of how everyone is wearing masks yet the flight attendants are eating out of the same container! Lose the masks you idiots, you're on an airplane where the air is purified.......",
639,YouTube,How much salary of cabin crew ??,
640,YouTube,Greeting from fellow ex Middle Eastern crew couple 👋🏽 Thank you for giving us nostalgia ! and you guys effort on making this specific episode is very much appreciated! Keep up the good work and please take care of your physical health and most importantly mental health inshalla 🤍☺️,
641,YouTube,Thanks for the video I enjoyed did my cabin crew and would like to work with emirates also,
642,YouTube,My best very favourite airline Emirates...respect to cabin crew and the whole team job well done Been flying 10 years never disappointed...the best 👌 👍,
643,YouTube,"love it, thank you for showing us all how you work and the effort put into it. loved the flight from Birmingham to BKK Emirates flights bye xx",
644,YouTube,"Cabin Crew life ..... How many struggles facing to get this job How many interviews to attending How many years to waiting to get this job How many training to get this job My god Stay safe , Enjoy your life, Most beautiful couples on the planet 2022",
645,YouTube,Wow...new crew buses...it would be nice to see familiar bus drivers faces...and good for you and so easy flights during covid...however so glad flights are getting slowly back to “normal” situation....nice video! Safe flights❤️🙏🏼,
646,YouTube,Thank you for this video So amazing I literally saw myself inside as part of the cabin crew. Quick question: what are the requirements or qualifications for one who wants to take up this occupation? 🙏,
647,YouTube,Yes very hard work not just looking smart walking around more serving cleaning and responsible duties,
648,YouTube,"Now that I have watch this video doing Cabin crew with your partner, it must be really cool and exciting, I managed to convince the lady of my life to come join me. Hoping everything will fall into places. Wish me luck!",
649,YouTube,My dream job,
650,YouTube,"Love this content. This couple is so cute. Dubai is a beautiful country and I dare say, Emirates really takes care of her employees. Efficiency indeed!",
651,YouTube,nice video nice work,
652,YouTube,"Wonderful video :) I was afraid I wouldn't see my fiancée if I became cabin crew, how is it possible that you live together and get same flights?",
653,YouTube,Is it true cabin crew dislike serving cola because it tends to fizzle and drip everywhere?,
654,YouTube,U guys are awesome! Both work together roaming around together. Be happy both💞,
655,YouTube,Thank you to all the cabin crew’s for their hard work.. sometimes we forget how much they have do for us so that we can have safe and comfortable journeys 🙏🏻,
656,YouTube,Actually Star Alience should learn from Emirates... Always love flying Emirates <3 #bestinflightcrewemirates #emirates,
657,YouTube,"Awesome video guys, nice to see the cabin crews’ life. But how does switching companies work for you guys? I mean, how does other companies see how good and professional you two are to make a job offer ?",
658,YouTube,The first flight I took was Emirates from birmingham to Dubai. The crew are absolutely wonderful they helped me stay calm and the service from them was impeccable phenomenal Amazing stay together always xxx take care 🙏💙🙏,
659,YouTube,Are you guys married? Ur both cabin crew and live together! Crazy 😄👍 FairPlay,
660,YouTube,Such a beautiful video about you and your worklife . She looks absolutely beautiful 🤩,
661,YouTube,Are cabin crews allowed to choose their own destination and layover length?,
662,YouTube,I love how you shown the daily flight of Emirates cabin crew but do you normally get crew meals because you supplied your own meal,
663,YouTube,it's so interesting! this is a rare video showing the work of a cabin crew from the inside. thank you for this opportunity!,
664,YouTube,My dream to work as a cabin crew,
665,YouTube,"this has always been my dream job, i really enjoyed watching your video and felt as if I was right there experiencing everything. hope to do this someday, thank you for this content! also, as an italian, i really appreciated the italian lesson!",
666,YouTube,Emirates is the best airline. I used to fly them often while living in the Seychelles. Knew a lot of the ground crew in Victoria. Got great upgrades and Business class is heaven! Also had my most unnerving flight ever with them. Couldn't land because of a monsoon storm and had to go refuel on Mauritius and back. 😬 But after a couple more tries we managed to land safely. Now that's just an interesting story to tell about my globetrotting days 😃 Have a safe flight! 🍀,
667,YouTube,"Rather sad that all the cabin crew go in and off the bus, but never acknowledge nor thanks their bus driver for the service. Indian and other Asian nationals allow Emirates to operate, but are treated so badly. I will not fly Emirates again.",
668,YouTube,Such a amazing work thankyou so much for sharing such amazing info with us. I am from India and my age is 27 how can I join Emirates?,
669,YouTube,"Wow this is nice! A question : how do you know which bus that will take you to the aircraft you're operating? This is why I've applied to become a FA at Emirates, can't wait to work with EK! Loved the video btwand thank you ☺️",
670,YouTube,A donkeys job but love how you guys showed it.,
671,YouTube,Thanks for sharing your job behind the scene,
672,YouTube,"Thanks for uploading this cabin crews’ life video. I think those who dream to be the flight attendants should watch it as many times as possible because it’s actually a very exhausting job and not everyone can get used to it, and if working in the budget airlines, the conditions might be much less comfortable.",
673,YouTube,Very good to see you two working in aviation industry and you love your job too that's a man part of a job,
674,YouTube,Masha Allah you both are doing a great job. God Bless you both. and you both look very cute :),
675,YouTube,Glad I can just work from home.,
676,YouTube,since i was 3 its been my dream to be a pilot for Emirates so i want to thank you for showing us a bit more of an insider of how Emirates crew operate on work days. Safe Flying :),
677,YouTube,I would like to watch about emirates airline working process not how they both were kissing the whole video,
678,YouTube,"Haii sir and mam ,one of my biggest aim is to worked in Emirates, if any option please tell me, i have aviation experience and graduation",
679,YouTube,"During these times it may be frustrating to work in such PPE , mask and all😑",
680,YouTube,Nice job brother with your sweet... Hope always happy Best happy from Indonesia.,
681,YouTube,"My cousin-in-law works for Emirates, but he's on the ground. Greetings from Malaysia. 🇲🇾",
682,YouTube,Very nice video and very informative and as I also wanted to be a cabin crew so for that can you please tell me that is it allowed to live in cabin crew accommodation with our partner and can we go for a flight together? Hope you'll reply soon best of luck to both of you for your life and for your career. Thank you😊😊,
683,YouTube,Love behind the scenes look. Lovely couple 💑 My son was a Delta flight attendant till covid hit. He loved the job as you do. Happy flying.,
684,YouTube,You have brought back so many happy pre-Covid memories for me. Thank you. I always fly Emirates when I can because their cabin crew are the most pleasant and professional in the business.,
685,YouTube,Awww this takes me back to my days as cabin crew with ek 2003- 2015 Some changes but much is the same 😊,
686,YouTube,I like this work can you please help me,
687,YouTube,Why did you checked your luggage like a passenger? I have never seen that before......I do not think American Airline companies do that. I thought you could not be married and work for your carrier. I am confused. One Love,
688,YouTube,How can one get this kind of job??? I really love traveling; 😢😢😢😢😢😢,
689,YouTube,The crew doesnt get any food on the flight?😬,
690,YouTube,such a good in sight of being an aircraft crew...wishing you always a safe flight🙏🙏🙏...I've been watching recently about air disaster and it's so terrifying...accidents happens all the time.,
691,YouTube,"Hi, I loved your video! Just a question. Are all crew members required to live in certain apartments in Dubai and that's where the buses stop? Or you can live wherever you want and just go to the closest stop for the bus?",
692,YouTube,"Nicely🙌🔥❤️🇦🇪.i do seen guy's every single day.i also work with Emirates flight catering, first class lounge.as services",
693,YouTube,"But this is all about safety, no? Or maybe i don’t know smth, but regular people are not supposed to see the restricted areas etc. So many cabin crew are doing videos showing hq from the inside, aircraft parking lots... I don’t think this is right to show it to the whole world",
694,YouTube,😮😮😮 they went at work without taking a bath hahaha typical Arabic taking a bath once a week 😭😭,
695,YouTube,"Hi Natalie; Hi Stefano. You two are a lovely couple. Tell us where you're from, not UAE native for sure.? You two been cabin crews for 5 years now, right? Tell us, if you two were to get married, would that be a problem for the airline, I mean would they allow crews to get married? Then if she's pregnant will she be flying still. As baby grows, who's gonna take care of the baby? Just asking, as you two are such loving couple. Thank you.",
696,YouTube,One of the best job,
697,YouTube,Can you as crew use Dubai or any other duty free shops? Or do you have to be out of the country a certain amount of time to bring back the items to your home?,
698,YouTube,So they are already breaking the rules by staying together. This is definitely not allowed between cabin crew. And they are not married. So everything about this is illegal. Emirates Airlines should be aware of this and legal action should be taken.,
699,YouTube,I'm ground staff @ Dubai international Airport ( Emirates group Dnata ) i always saw cabin crews are very energetic,
700,YouTube,Is the briefing with the crews before flight a common practice for Asian airlines only?,
701,YouTube,It is nice to work together!,
702,YouTube,"Thanks for the video. I wonder how you get your luggages upon landing, do you line up along with the passengers in getting it in the conveyor belt or your luggages have identifying marks that airline workers can identify and separate it?",
703,YouTube,I am flying New York JFK to Dubai in September and returning to New York through Milan. Please tell me the elegant Emirates crew will not be wearing those ridiculous hazmat suits. I want to see you in all your sleek decor gracefully moving through the airport and down the aisles of the plane.,
704,YouTube,"I knew all along that crew doesn’t eat the same food as they served to passengers. Emirates food selection is really worse. They think everyone is Indian who ever flies emirates which is not true. Indian food is worse of all. What about meditation food, American and Italian food. I think they go after Indian food because it is cheapest and they have cheap labor from India to make it. If everything is cheap so why not your fare.",
705,YouTube,"Fellow ek crew here, although I’ve done this routine a million times I still enjoyed watching the video.",
706,YouTube,"i’m an italian girl that wants to become a cabin crew like you, i hope one day I’ll be there! I’m so glad to have known you!!!! ❤️",
707,YouTube,Wow amazing guys we really appreciate your guys hard work you guys are amazing,
708,YouTube,"Do you get your every flight schedules together , or does it change . I mean it's my first time seeing a cabin crew couple",
709,YouTube,Hey your welcome That's why without you as a cabin crew it would be nothing At Southwest we have a saying WITHOUT A HEART ❤️ ITS JUST A MACHINE,
710,YouTube,I work in Dubai Duty Free I love to give discounts and gifts to Emirates Cabin crew while they are going to their vacation 🥰🥰🥰🥰,
711,YouTube,Flown on Emirates many times and yes it is my favorite airline. I even celebrated my birthday and the crew gave me a special treat ❤️,
712,YouTube,beautiful crew couple...very informative video and also fun to watch...keep us entertained with more videos...regards from Bangkok !,
713,YouTube,I enjoyed your dideo I flew with Emirates from Dubai on my way back from Australia if I was young which I am not I would have like to be with Emigrates hard work I am sure but I do like the Airline very much - Happy Flying Michael x,
714,YouTube,Hello My name is Rico I work at SOUTHWEST AIRLINES just wanted to say I really enjoyed your trip video can't wait to see more,
715,YouTube,"Fantastic video. Love to see how you guys work as a cabin crew. I am from Copenhagen, and I hope that both of you, like the city. Can’t wait for next episode.",
716,YouTube,To be a cabin crew is harder thing more than pilot 👨‍✈️,
717,YouTube,"Hahaha!!! Thank you for sharing your Flight Crew Members from your airline. And it is very nice when you can fly with your boyfriend/husband/girlfriend/wife/partner!!That was nice to have the company bus to pick you two up from home. And then to have another company bus to take you and the crew to the aircraft is nice as well. No, my many years with our airline here in the U.S. Everyone that drives to comes to one of the massive airport property parking lot areas. But we do have buses picking people up in the parking lot area only. I don't have a car and I live about 1 hour and a half away from our international airport. So, I have taken the public bus and train to work. And there has been times I have taken a taxi but I have always left my home giving myself 2 and a half hours to get to airport. Thank you for making me laugh about my memories of flying. I am a former Purser Flight Attendant from the U.S. You two fly safely..",
718,YouTube,"You guys are sooo adorable 🥰 greetings from Morocco 🇲🇦 I've a question please , are cabin crew(female) allowed to wear trousers instead of skirts & is a skirt necessary on some occasions?",
719,YouTube,Teringat aku masa jadi cabin crew MAS tahun 90an. Masa tu MAS tgh top and antara Airlines terbaik dunia. Miss those days.,
720,YouTube,I’m 1st flight with Emirates from KL to London around 4 years ago transit at Dubai airport not really like cabin crew because they not really smile & I don’t see anyone of crew talking or entertain guests all of them working like very rushing during service but I don’t blame or give negative feedback please don’t get wrong idea what I feel they’re human being too working hard & long flight even I’m just sitting also feel tired too anyway for me Emirates 1 of the best airline,
721,YouTube,I wish you guys also showed the harsh reality we have to go through at Emirates that is near slavery and mental and physical torture. Something that a lot of Crew won't dare come forward about.,
722,YouTube,I want to be a cabin crew. What qualifications is required can you tell me ?,
723,YouTube,"i have seen some of the crew members keeping a trim beard.. Is it allowed? Also i am almost 21, just 3 months to go. Should i apply right know?",
724,YouTube,One of my dream job to work for Emirates as a flight crew. Can I ask how did you apply??,
725,YouTube,My dream job❤️,
726,YouTube,Hi 👋 it’s so sweet that you both get to work together.,
727,YouTube,Salute to all the cabin crews.,
728,YouTube,"Excellent video! Thx for sharing all the details about your life! I was told that Emirates was more flexible than other airlines in the Middle East. And now I know that you can live outside of your accommodation. That's great! In that case, you ask and are granted a special permission because you're are married or sth like that? Or is it a common thing to move outside the accommodation after some years? Does Emirates pay for your rent apartment right? Can you speak about the benefits you get being a cabin crew such as annual leave / family and friends tickets / family visits? I know that in other airlines only 'members of your family of the same gender' can visit you on the accommodation. Is the same case here too? I have a screening day with EK next week! I am already 30 years-old.I am not sure if that age is permitted. Do you know? Thanks in advance! Hugs from Argentina! 🇦🇷",
729,YouTube,I'd really like to join emirates😥thats my big dream like RN😌😌 but in a contract of which I'll finish it in one year time🙂 I hope to do well in the assessment if they'll be in need of new carbin crew,
730,YouTube,great video mate as a passenger who has travelled on Emirates you guys do an outstanding Job have you both travelled to melbourne on the A380 service,
731,YouTube,Emirates are joke pay there staff shit that why mostly from Europe,
732,YouTube,"very nice. both are in aviation industry. same job, same location, same flight (sometimes i guess). you can share everything while travel together. you save emirates' money a lot when you share a room together during night stop.",
733,YouTube,Thank you so much for the detailed insight of behind the scenes of a typical day of a EK cabin crew 🙏 It’s great to get some idea of it just when I submitted my application😀. My question for both of you is how long have you been working in Emirates? May I suggest to do a video on your recruitment journey? That would be very helpful. Keep up the great work 👍 from New Zealand 🇳🇿,
734,YouTube,"Sorry, It's an horrible job",
735,YouTube,"Thank you very much for the video guys! I’m also a cabin crew for other airline and recently applied for EK, which I’m now waiting for the FI answer! Hopefully we get to be colleagues one day! Thank you very much for this amazing video once again, looking forward more videos like this one. 🥺❤️",
736,YouTube,Great video. Been on many flights. Great to know what goes on behind the scenes. I was just wondering. If you've never met any of your crew mates. How do you know who's lead attendent. What nationallity are you,
737,YouTube,You guys are have done excellent job bravo,
738,YouTube,Mashallah.I work as an Aircraft cleaner with DNATA and it’s also amazing to watch the crew leave the aircraft.I also enjoy making sure the aircraft is clean as per my duty.In Shaa Allah one day I’ll become a cabin crew that’s my dream job too,
739,YouTube,"Very nice video! I enjoy all thing aviation and there A LOT of videos showcasing flights and destinations but your video is by far one of the best ones! I enjoyed seeing you guys in action and I like it that you work as a couple! Very cool. So thank you again, be safe and keep these videos coming please! Cheers!",
740,YouTube,"Hello! I flew on emirates recently from the uk to Australia. I was wondering if it is normal that on emirates they only offer you drinks 3 times on a 14 hour flight, with passengers going up to the galley to request more. Or is this a policy that is due to covid? Previously when I have flown other long haul airlines they pretty consistently come round offering drinks every 45 minutes or so throughout the flight. Loved everything else though, the A380s are superb!",
741,YouTube,Ciao There is any age limit to become a cabin crew? Grazie,
742,YouTube,I love this makes me want to do it soo much! So amazing that you get to work travel and live together in Dubai that’s such a dream!🤩😍,
743,YouTube,"Hii! I’m interested to join as a cabin crew, through your experience, it would be great if you made a video on the pros and cons of becoming a flight attendant in emirates! Thanks🤙🏽",
744,YouTube,Hiii..U both are Superb Couple and i am from India and I luved ur Aviation Cabin crew vlogs And i want to become a Cabin crew ❤️ keep it up 😎👍✈️,
745,YouTube,did u guys manage to get the whipped cream through 😅 safe flights,
746,YouTube,Wow! Great insight behind the scenes of being a cabin crew. Now I ́m more happy about my government employment I think 🙂,
747,YouTube,Hello I hope you are doing good Have you ever been to Pakistan? I know crew of Emirates doesn't disembark but just asking. If you ever have a flight to Pakistan I'll be there at boarding gate to say you hello 😊😊,
748,YouTube,I want to cabin crew i m from myanmar how can i join my age is 27 i ve get bachelor degree and fluent in daily english,
749,YouTube,I wanted to b a cabin crew ..help me to do this,
750,YouTube,Yeah but they've got nothing on Ryan air crew.,
751,YouTube,I tried an Assessment Day with the airline in 2025 and it was a great experience in spite of not making it through to the final interview stage. Really enjoyed it and it gave me a good insight into how airlines do these events. I hope to work for them in the future. Now I will start Cabin Crew training with another airline in a few months to gain experience and see how things go. Thank you for the video Sam.,
752,YouTube,The Pakistani lady had a very thick accent. I bet she would get through if she could soften the accent,
753,YouTube,if there was an emirates crew application reality show I would watch it!!,
754,YouTube,Great airline and very competent cabin crew.,
755,YouTube,Group interviews are held by an employer as a cheap easy way out of interviewing lots of candidates. The disadvantage of this type of interview is the employer only observe people but do not get to know the candidates individually & this can cause them to miss or overlook the right candidate. I would never go to a group job interview with a company as this would be a waste of my time as a candidate.,
756,YouTube,I am applying for a cabin crew and I want to know if I can still apply if the 2 months left to the complete age of 21?,
757,YouTube,"“Hi Sam — I really enjoyed your behind‐the‐scenes video at Emirates and it inspired me a lot. I would like to apply for a cabin‐crew position at Emirates, but I’m finding it difficult to navigate the application process from Pakistan. Could you please share a link or guidance on how I can apply (or who I should contact)?",
758,YouTube,Imagine a company is not mentioning what s the maximum age criteria for cabin crew assesment day. They automatically reject people in the first phase. And saying that we are waiting you after 6 months 😂😂😂just please tell that you are not hiring someone 29 30 and + even tho person is former crew or having “ats” friendly cv 😂,
759,YouTube,Most toxic work environment as Cabin Crew,
760,YouTube,"Is it true that emirates cabin crews doesn't get equal accommodations has in luxurious apartment, cause some do get and others get low kinda apartments. Can u verify this. And if so why ?",
761,YouTube,Cabin crew . Should look very good. . Or excellent. They must be sexy . Handsome or beautiful. Nice body . Musclar . Fit. These features will make the passengers. Feel happy and comfortable. I like beauty. And good-looking cabin crew . Males or females.,
762,YouTube,"Once i saw an emirates, male cabin crew. He was handsome, and i liked him he noticed that I was looking at him with a sharp gaze. He smiled and twinked with his eyes. I felt shy. When he twinked. I wished that i could sleep with him. Maybe take his no. .. and arrange a date with him . But i am not that brave.",
763,YouTube,looking at this recruitment process I am not going to take part in it. I prefer normal job and travel at normal time convenient to me.,
764,YouTube,"Thats gotta be new for you, be with people who wants to work",
765,YouTube,I applied and got interviewed 2 months ago but failed at the group stage. I’m trying again in December. Wanna start practicing again. God knows how much I really love and want this job 😢,
766,YouTube,"Workin as a Etihad cabin crew, I also did the open day in UK. I always cheer for people who wanna be a cabin crew in their life!",
767,YouTube,"Yes but, As a crew member, we’re always on our feet😓 — no rest 15-16 hours , no proper break. Some guests are rude or unkind, and it really makes life feel heavy and sad",
768,YouTube,Age limit please? What is the maximum age for joining the cabin crew,
769,YouTube,"I had applied to Emirates for a cabin crew position and luckily, I’ve been shortlisted. But the problem is that Emirates is not conducting interviews in Pakistan, and due to personal reasons, I’m unable to travel abroad for the interview. Can you please tell me what I should do now?Can you please give me the email address where I can send an email? Because the one I received the shortlisting message from was a generated address, and I can't reply to it.",
770,YouTube,"Back in my 1970s childhood, (when we still called them steward or stewardess!) I dreamed of being a flight attendant. Whenever my family flew, the attendants always seemed so elegant, kind, and gracious, and I loved their uniforms!Alas, as a teenager I learned that I was too short, too short at 4'10"" for my high school band, etc. I did however make it into the Army at 18 a few years later! I got to get into a uniform after all lol! Anyway, I still very much enjoy watching these cabin crew videos, cheering the applicants on from a distance! ❤",
771,YouTube,my dream job but my height says no,
772,YouTube,"My mother flew into JFK in New York, and happened to see several of the Emirates cabin crew ladies. She was so impressed with how they carried themselves and their professionalism.",
773,YouTube,"Definitely not like the fat fucks that work for Americas airlines,, but really this job isn’t as glamorous as people think,, you’re a waiter in the sky and the money sucks",
774,YouTube,"I flew as cabin crew for 40 years. It was the best ever. For those who were not invited through to the next level this time. Do not give up, do your research and your homework and do not give up. There was a person on my course who tried 7 times before she was hired. Best of luck.",
775,YouTube,"The woman from Pakistan may know English, but she needs to work on her accent. It’s much too difficult to understand her. I fly Emirates annually and every employee from the ground to the cabin crew speak very clearly.",
776,YouTube,One who flies a fighter jet with dangerous overtakes with precision automatically masters in Flying a Boeing or Airbus Aircraft Its like shifting from car to motorcycle From hard to easy,
777,YouTube,I love aviation so much and that's my dream jobs in any airline in the world but i can't reach it 😢🥲🥹,
778,YouTube,Poor Emirates slaves......not worth it.....you people are just slaves serving food and cleaning toilets......poor country people job........BRICS Nations and Eastern EU Countries......Slaves !!!,
779,YouTube,"Hello sir/ medium my name is Ahmad Fawad Habibi from Afghanistan currently living in Pakistan I want to apply for my dream job as a cabin crew I have experienced for 2 years as flight safety services and first aid services I have three certificates first aid certificate, UN cabin crew certificate and flight safety services certificate and I have my English certificate TOEFL my native language is Dari I also have computer skills I am so keen to work in emirate airlines please read my message I will look forward for you",
780,YouTube,"All the comments are talking about the flight attendant's job, and my focus is all on Drew Emmer's beauty. She is really very beautiful.",
781,YouTube,I wish I can work with them one day ❤,
782,YouTube,"I am thinking Naval Aviation Air Crew, are not going to make it here. Lol",
783,YouTube,Kasta tertinggi di dunia Cabin crew ada di EMIRATES 👍👍👍👍👍👍👍👍,
784,YouTube,Do the male and female cabin crew have to be exactly 160cm or is this for the female only?...I'm an aspiring cabin crew but I'm 170cm tall.,
785,YouTube,How much is the pay,
786,YouTube,My dream is to be a cabin crews with the Emirates ❤😔,
787,YouTube,I have my cabin crew recruitment next week hehe,
788,YouTube,The average salary is $22 p/hour,
789,YouTube,when i was in Paris last year all the women that worked in the airport or planes were all hot so i think that's part of the requirements,
790,YouTube,As a cabincrew in Emirates with a 15 years of experience,
791,YouTube,I am 12 years old and I am from Indonesia🇮🇩 and I want to be an Emirates cabin crew❤,
792,YouTube,Maybe this is a question other wanted to ask so I will ask. Are Muslims and Ordodox Jews/Christians able to wear head covering?,
793,YouTube,"Having worked a reputable 4 star airline for 23.5 years,young people thinking of joining aviation in 2024 NEED TO STOP THIS IDEA IN THEIR HEAD. AIRLINES ARE FULL OF BULLIES AND YOU ARE WAY BETTER FINDING ANOTHER JOB. DO NOT WORK FOF THIS BULL SHIT, YOU HAVD BEEN WARNED,",
794,YouTube,"What it Takes to Become Emirates Cabin Crew? Beauty, less than 30 years old and light colors eyes. (In my country if you have these 3, you're in). Or if you are really tall(and young), you have a great chance. Some recruiters think they're gods.",
795,YouTube,I was approached yesterday for this job but the job description said you have to be at least 160 cm? And in this video you say 167?,
796,YouTube,"So funny to see all these shiny faces, talking about how they gonna travel the world and get paid for that 😂 Where’s in reality the most layovers are just 24 hr. And these 24 hr start from the moment the aircraft touches the ground. Which means until everyone disembarked, you tidy up the cabin, go through pass control, collect your luggage, drive the bus to your hotel - you already lost around 2-3 hr from your layover (depends on a destination). And only then you can go out and explore, BUT don’t forget that you also need to rest before your flight back to Dubai. So at the end it’s not much left for you to explore. I remember when I used to work there, colleagues were complaining of not getting enough rest and time to see something, and one of the headchefs of EK said: “you’re here to work and not travel the world. If you don’t like it - you can leave” I would like to see the same people 1 year later 🤣🤣🤣🤣",
797,YouTube,What is the salary ?,
798,YouTube,"""IT'S IMPORDEN"" she says...LOL WOW. And it's not ""A"" cabin crew. It is cabin crew. No mention of maximum age lol...what a surprise.",
799,YouTube,Hellow can somebody help me how I can join the emirates job recruitment please,
800,YouTube,"Years ago, I went to an Emirates crew open call in Dallas. There were around 400 of us from all around the USA. Only a handful (less than 10) made it through the next round the day after. Because I stayed in the same hotel as the recruitment, I learned that only one person was selected to join.",
801,YouTube,This job pays between 36k and 53k annually. I guess if you’re into traveling then yeah but otherwise it a low salary from an American perspective.,
802,YouTube,Really I am dreaming every night and night to be a cabin crew🥹💪🙌☺️,
803,YouTube,I have been flying Emirates for many years and I have to say Emirates cabin crew are always been amazing and hospitable. I can’t say the same for Emirates services at the Airport in Dubai. Specially at the lounge where are the rudest personal I have ever experienced in my entire life,
804,YouTube,"I really want it to join them but I'm only 19yld, but I guess I still have time to work about my personality Especially i'm Shaking person😵‍💫.hopefully one day I will be one of it❤",
805,YouTube,My dream job,
806,YouTube,I don't know why they do not mention that looks are everything to get this job,
807,YouTube,Worked for Emirates from 2006 to 2010 which was the best experience in my life and still aviation is in my blood so still flying with the other airline! Just remember all those crazy interview all day I had.,
808,YouTube,Bro can you fond me job in world aviation,
809,YouTube,"I have an important question, I hope I will get the answer ASAP. Do I have to live in Dubai to join the cabin crew?",
810,YouTube,"Aspiring cabin crew...look at the recruiter in this video. Body language, smile,confidence...",
811,YouTube,Plenty of life adventures and lifetime memories awaits those who will be picked for the job! 😊,
812,YouTube,Dream to become cabin crew🥺❤️,
813,YouTube,misleading.... using surfshark doesnt get you cheaper tickets it already known by companys and i gues you getting payted by emirates because there is a huge darkside working for emirates,
814,YouTube,"Cabin Crew at Emirates start off with a yearly salary of $35,000 USD. Senior crew can earn up to $50,000 USD per year. This is NOT A HIGHLY PAID JOB as compared to what Emirates pilots earn, which is approximately between $10,0000 USD to $20,000 USD monthly.",
815,YouTube,I think they not going to hire me even if I work for free😂😂😂,
816,YouTube,"Sir, can you post a video of five best flight training schools or academy around the world. Is it singapore or american flying schools better, consider cost and placement and international accepted acadamey.",
817,YouTube,What is the age limit of ground staff Employee...??? Please reply me sir 🙏,
818,YouTube,"My dream job, but I'm far too ugly. Maybe in the next life",
819,YouTube,"I am an simple geaduate and my height is 5.6"", age is 36, weight is 84 kg. I have no experience and aviation degree. Can i be a perfect Emirates cabin crew?",
820,YouTube,"Hi everyone. So many comments I read. So as an ex-Emirates cabin crew, I must say Emirates Airline is a serious airline company and it is a top airline that determines the civil aviation standards in terms of customer service along with a few airlines. Emirates is not perfect and there is no perfect airline. EK is a leading airline and I was a proud member of its cabin crew team. If you do not have the right mindset to work for Emirates please don't bother! Emirates needs people who deserve Emirates! If you have the right mindset then go for it! You will be rewarded.",
821,YouTube,"I spent 14 years in Emirates Airline and Dubai as a cabin crew. Joining Emirates Airline was one of the best decisions I've made, if not the best. Definitely go for it. Be prepared for the interview and don't give up till you make it.",
822,YouTube,"❤❤❤❤❤❤❤❤❤❤❤❤❤❤❤❤❤❤❤❤❤❤❤❤❤❤❤❤❤❤❤❤❤❤❤❤❤❤❤❤❤❤ ammaaaazing!!!!! I love your videos,your editing is soooo cool,you are a hardworking man,May the Lord Shower his blessings and mercy upon you and on your family amd fulfill your heart with serenity😭I'am addicted to your videos ,I'm 18,live in pakistan🇵🇰,doing A-levels(maths,phy,Geo) to become a commercial airline pilot from Emirates Flight Training Academy (EFTA).Need your Auspicious prayers and warm regards,Hats off❤❤❤❤❤❤❤❤❤❤❤❤❤❤❤❤❤❤❤❤❤❤❤❤❤❤❤❤❤❤❤❤❤❤❤❤❤❤❤❤❤❤❤❤❤❤❤❤❤❤❤❤❤❤❤❤❤❤❤❤❤❤❤❤❤❤❤❤❤❤❤❤❤❤❤❤❤❤❤❤❤❤❤❤❤❤❤❤❤❤❤❤❤❤❤❤❤❤❤❤❤❤❤❤❤❤",
823,YouTube,"It used to be that only women did this work. Now, lots of men.",
824,YouTube,Emirates is one of the best companies to work ❤,
825,YouTube,"The person get 30 sek to scan if the person is the one they look for. This crew then hav probably 1-2 sek to Scan me as customer when i am entering the plane. Will i cause problem? Will i be a person to lean on if crises is on? Will i be helpfull, steady?",
826,YouTube,Working on Emirates as a cabin crew is my huge dream since I was a kid. This video was amazing thank you very much!,
827,YouTube,"If the English test is digital, they should probably have listening comprehension through headphones, as they'll be talking to each other and customers a lot. Even a speaking test too, although that could be assessed in the final interview",
828,YouTube,The candidates all seem very well spoken and dignified and that they actually care about their work unlike anything that you would experience in American Airlines. What a difference.,
829,YouTube,"Wow Recruiting a cabin crew its becoming more difficult, nowadays they have to go through a lot of steps before they become a qualified cabin crew. My time was much easier. Best of luck guys",
830,YouTube,Have you ever seen fat cabin crew,
831,YouTube,Gdydhdhdhhdhdhdhhdhdhhhdhdhhrhehhhdhdhhdjdhhrhhhruuduhuuuuruuruuuudududuudududuududud,
832,YouTube,It's the best Company not only in UAE but at level of the whole world. To join the team need to fixe many things with full of serious and hard efforts to reach a goals planned by the leaders there I wish a lot of luck and courage to who wants to be as cabin crew.,
833,YouTube,"lol the Pakistani applicant had no chance in making through the first round. Third time trying, really nervous even talking to Sam. Can’t imagine her in the interview process. Even passing the first round she would have been knocked out in the following rounds. Time to think of a new career path.",
834,YouTube,"Blah.. ambitious and teamworker do not stand together, then, the physical aspect plays a major role, be honest honey",
835,YouTube,Please tell whtehr im eligible for Emirates cabin crew im 5'1.5means 156.5cm,
836,YouTube,Thank you so much for sharing this creation with us! I really appreciate it and you're helping me as a future Cabin crew as well as many others.❤✈️,
837,YouTube,cabin crew is like cheerleaders. it is very cutthroat.,
838,YouTube,"the same thing i have came through... unfortunately, I didn't make it",
839,YouTube,Nothing special to be cabin crew 😎,
840,YouTube,I have been reading the comments and please don’t be discouraged. You can become cabin crew regardless of many factors. I highly recommend applying for other/local airlines as well and gain more experience,
841,YouTube,Halima im not good in english but i keep on practicing.. it would only takes a little time and you will get that job just keep on practicing and good luck,
842,YouTube,"I'd eliminate any applicant who said ""be a cabin crew"". It's gramatically incorrect and sounds awful to native English speakers. You are either a member of the cabin crew, or you can be cabin crew, not be a cabin crew. Please stop!",
843,YouTube,"I always travel with EK since it is cert conveneint.Recently i encoutered for the first time a cabin crew with a mouth manerism... at first i thought he was eating but then realized its his manerism since he does almost every minute... For me its fine as long as service is met, it but might iritate other passengers...",
844,YouTube,Nice to see Nepali sister trying for emirates. Hopefully she will make it through ❤,
845,YouTube,I'm not surprised the girl from Pakistan didn't make it.Her English was very broken.She was also very midle eastern for that job.,
846,YouTube,"Can someone tell to Airlines recruitment team to tell to females of cabin crew not to wear so much lipstick? I don't like it. Put just the necessary on your lips. Don't put on tons that make the lips look like a giant monkey's mouth ! Also, choose a more natural red color. Not that blinding red.",
847,YouTube,"Sam Sam Sam..... anywayz good work man. & for Emirates, i lov u but u don't call me, WHY..????",
848,YouTube,It’s always a dream job for me,
849,YouTube,Why doesn’t Sam becoming cabin crew ?,
850,YouTube,I personally wouldn’t want to work for EK. Their rosters are tough with minimal rest. The rosters are exhausting compared to other airlines.,
851,YouTube,"Feeling bad for the applicants who couldn't make it. ....i faced similar many times in my initial phase, so i exactly known how it feels 😞😞 oh boy ...i used to feel so Helpless, often used to get back to my room and lock , cry from my heart. My relatives reduced talking to me or looked down at me as incompetent . But then i rewired my mind as this is the harsh reality of life , u need to face it 👈 So i bounced back , gained strong self confidence, tried other career and now i m earning 5 times more than that cabin crew. Lesson i got - don't think/ worry abt. people/ relatives/ friends etc what they think or say or perceive you . Their opinion will shift as u become something. NO ONE IS LOYAL. Just focus on your pathway 👍",
852,YouTube,thanks for sharing good job,
853,YouTube,I've been working on some required skills for a while to apply . I hope one day I will experience this 😊❤,
854,YouTube,Please anyone here guide me how to apply for this job?,
855,YouTube,"Just 1 question though..... Can you be openly gay, trans, overweight and/or old in order to work with Emirates?",
856,YouTube,"I took Emirates one time, the crews were so professional.",
857,YouTube,"Emirates is not the most successful airlines because of the crew but more because of the quality of its aircrafts , the punctuality of its arrival and departures , Nice lounges and variety of food ....",
858,YouTube,Love that your contents are more than just flight reviews. Keep up the good work!,
859,YouTube,Very interesting to watch and brought back some memories. I was a cabin crew member for over 30 years with TWA/AA.,
860,YouTube,50 years ago they just to take almost any foreign female with blue eyes living in Dubai or Abu dhabi as cabin crew on the airlines in the United rab Emirates.,
861,YouTube,"The Best Video of Sam so Far,...goodluck!, aspiring cabin crew,...",
862,YouTube,What I don’t understand is that emirates is an Arabian airline in the uae and I didn’t see 1 single Emirati woman working there what a shame,
863,YouTube,Hi everyone I have questions for you all I am 57 years old I have degrees and diploma in hotel and hospitality management even I did work as bartender in cruise ship I did manage hotels in England I always love to work as cabin crew I can or my edge will be problem?? Thank you all,
864,YouTube,It is my dream to work with this airline I hope I will get through this 🧿,
865,YouTube,Very difficult job not easy to work in this field,
866,YouTube,watching these viedo i think i would not want to work for them.,
867,YouTube,"Thanks Sam. Love this kind of content, it’s different and interesting. Inspiring to myself who’s working currently based in Sydney as Cabin Crew as well. Keen to meet you sometime in the air too!",
868,YouTube,"People say that cabin crew are glorified waiters, pilots are also glorified bus drivers. It's a job, and some people want to do it more than others. Good luck to the candidates!",
869,YouTube,"The life of the cabin crews are far from being glamorous with the demands of passengers on board. Another aspects of the Emirates brand, their cabin crew with their smiles and hospitality!!",
870,YouTube,Being an Emirates flight crew member is a dead end career.,
871,YouTube,"Thank you for the video Sam. I hope everyone understand that it’s not easy to be a Flight Attendant as from Interview, knowledge, training, drills and when you start working... it’s challenging attending to hundreds of people than slowly to First class. I am thankful I was a Cabin Crew when I was younger. To those you made it.. enjoy your life... and for those who did not made it... try again.. record the way you speak and compare it to others. .. lastly.. enjoy being a cabin crew because in the future with flying cars and EVTOL .. soon not many Airlines will need Cabin Crew. Or maybe even pilots..",
872,YouTube,"Emirates as a flag carrier of the Middle East seems to treat its employees really well. There is no lousy salaries, hardly any grievances on unpaid overtime . I would perceive Emirates services as some of the most sumptuous and plush on earth. Both times I flew with them were amazing flights with obsequious in-flight services.",
873,YouTube,"*No one will say this. A cabin crew is just a fancy and a makeup wearing cleaner, maid, and a waitress at 35,000 feet high.*",
874,YouTube,"I applied 3 weeks ago, didnt get in, glad i didnt get in, 350 people here, just for most to be sent home... seems like a scam, very glad i didnt get accepted... then you have to do a 45 minute test... how hard does it need to be to gwt a job now a days... lmao",
875,YouTube,Its pretty much a waiter/waitress in the sky job. May look flashy but its definitely not an ideal job.,
876,YouTube,"Please Tell what are the qualifications needed to become a pilot ? And also Please put a video on pilot training sessions, training schools, and also what we needed to be a pilot ( O LEVEL AND A LEVEL RESULTS) and what sre the steps?? Please 🙏",
877,YouTube,"As a Cathay cabin crew, this is very interesting woohoo 💪❤",
878,YouTube,Working for EK is somewhat like being in the Army. Definitely not for everyone. EK housing is run like a military dorm. EK has a lot of control over it's employees.,
879,YouTube,"Nice stuff. I'm cynical of such things as the role is as a friend said, a glorified waiter's job. True they're the face/point-of-contact for the airline where customer service is implied, however it seems overkill. I've seen such crew bored, careless, humorless and exhausted by the role yet as customers we're rarely asked to rate them or provide feedback.",
880,YouTube,"I went through a similar recruitment process program it was intense but the job offer was not there however it wasn’t a recruitment job for aviation but it was a larger company in technology, a lot of jobs require a intensive 20 to 300 open venue with HR and hands on interaction before you set out to do the real job, a lot of people don’t intend to win the first round or second but in some cases if you do the third round a job offer is handed to you, and then comes the training courses that is required. Always never doubt your self and be valued so you are seen by HR that is present if you strike out the first time wait 3 to 6 months depending on the company and reapply again, it’s strange process but better than a one to one intense interview and grilling. Good Luck everyone that searching for a job.",
881,YouTube,"Hi , Sam love watching your videos 🎉 They are so beautiful and specially i love everything about Emirates because i was raised in UAE 🇦🇪 and have been travelling in Emirates since then...❤ So when i watch your videos they are so nostalgic...🎊 Love your work...keep on travelling and make these interesting videos for us... If you visit London would love to meet you as i live here... Make a video about Gatwick airport...i just love this airport...💜 Keep flying...☺️😉💖",
882,YouTube,6 years from 2006-2011 as Cabin Crew in Emirates. 🇦🇪 one of the best experiences in my life. Go for it ❤,
883,YouTube,Even though the hijab the ladies wear is not proper hijab but l am very sure that hijab hater can never apply to work with them.,
884,YouTube,"Working for an airline feels like one of the best things in the world but it can also be one of the worst at times.. I’ve done and seem more things with them than I could ever hope so in my young little life. Often times truly making me feel like a millionaire. Other times not so much.. There are times where your senses will be pushed and you will want to quit. At the end of the day it’s a job and many come and go, but one thing always stands out for me! Not from what I’ve been trained on but rather what I’ve seen, Nothing is more important than Safety. Nothing means more to me in the world than seeing my Airplanes Takeoff and land safely. Knowing I help People Make Memories or wherever their plans may take them, I’m just glad I can be part of it. Safety in All We Do. From Us to You, thank you for flying the friendly Skies🔺",
885,YouTube,"Fabulous vlog...love it...I applied and was successful with 20 airlines to interview stage, I failed on confidence some 20 years ago but still have a passion for flying and cabin crew vlogs...thank you so much for sharing this...❤ Louise xxx",
886,YouTube,"I was assigned once by the CEO of an arab carrier to observe the cabin crew recruitment process and present my findings. What I see here is far more advanced, human, relaxed, and respectful. I can tell you, from what I saw in this video, I have no guilt for my report, which included terminating 2 members of the recruitment staff and recommending to reassign 8 out of 10 remaining members to other positions. Cabin crew are asked to shoulder the delibery of the airline product design beside their responsibilities towards safety, that is a lot. So it wise while ensuring you are picking up the fit candidates to make the process human, respectful and relaxed.",
887,YouTube,Why applying for the 3rd time if they worked already for Emirstes? After termination of contract no option to extend?,
888,YouTube,"I really feel Halima had what it takes to be a great cabin crew, you can tell with her personality and easy way. No offense to the other candidates, I'm sure many were hardworking.. But this is customer service, if you aren't naturally friendly and people oriented and outgoing, it's just not the job for you no matter how hard a worker you are. If you aren't able to naturally wear a smile outside of work a flight attendant position is not the job for you. People pay 2k-10k for these flight seats, and they don't want to see a frown or someone upset during their day. People can read fake smiles.",
889,YouTube,Sam can you please do a video where you show around the emirates flight training academy student academy,
890,YouTube,Real life state sponsored slave owners. Abuse of employees by the airline is off the charts,
891,YouTube,"Sam! THANK YOU SO MUCH FOR SHOWING HOW THIS PROCESS WORKS, VERY USEFUL VIDEO!",
892,YouTube,All pilots shagging cabin crew!,
893,YouTube,I believe one of the main reasons why Emirates is so successful is because they recruit people from all over the world which means that their crew is multilingual. It makes passengers have a sense of belonging when they see someone on board which is of similar cultural background. 😊,
894,YouTube,Hope that you make an video like this about emirates flight training academy pilot assessment so I can get a idea about this,
895,YouTube,"ive been working as emirates cabin crew for one year now, and i have to say sometimes we take the job for granted. it is really refreshing to see this recruitment process, it reminds me of my open day! all the passion and eagerness for this job. it reminds me to be extremely grateful for the opportunity i have to work here ❤️",
896,YouTube,Emirates must be desperate for cabin crew if they allow people to apply three times for the position ? Probably have a high turnover of staff it’s not for everyone,
897,YouTube,Hey Sam could you do Etihad also becoming a cabin crew,
898,YouTube,Very tough job.,
899,YouTube,"Love the content. Too many videos of people just passing through airports, lounges, sitting on airplane seats and airplane food. Nice to see behind the scenes of what really goes on in the airlines.",
900,YouTube,One day I also an Emirates crew it's my dream job ❤️ ✈️,
901,YouTube,We do not forget an ancient Greek phrase . What shines is NOT always made from Gold !....,
902,YouTube,"This video will multiply Emirates job applications 1,000 percent! Great video!",
903,YouTube,"Sam, your content always fascinates me with varied aspects of Airline Industry.. Keep up the good work 👍",
904,YouTube,"32000 per year?? What ..... just work at Walmart 😂😂😂😂😂or Target , why bother with all the risk , hassle and demands",
905,YouTube,"32K??? I made that on my first job out of college, 25 years ago. It seems like a really low salary for the skills and the work they described. I'm not sure the perks are a suitable tradeoff for a decent salary. They should make at least 80k, esp given the amount the airline collects for those first class tickets.",
906,YouTube,NOT an easy job!,
907,YouTube,Sounds like a dream job ❤,
908,YouTube,"Why am I seeing and 6 years old video... you guys forgot to say they have curfew to go back home, they can’t leave the country without being approved by the company during covid they check how many days u been sick what medication you took and so on to sack the people.... Its all glam until the curtain falls, there’s tons of ex emirates and Qatar crew talking about the dark side",
909,YouTube,Lord....their salary is really low....,
910,YouTube,I have seen the Emirates Staff walking together through airport and they do look VERY NICE. So friendly too.,
911,YouTube,"Seriously, the EK crews are consistently excellent and far above other airlines. Once you fly on Emirates (even in economy, which is where I sit), you are RUINED for other airlines. And no, I don't work for them in any capacity. I just love Emirates.",
912,YouTube,They are all money whores. Human cash machine. They have their three holes hands and feet. Very lucrative in the world of Abu Dhabi international illuminati 😂😂😂😂😂😂😂😂😂😂😂😂😂😂😂😂😂😂😂😂😂😂😂😂😂,
913,YouTube,"My biggest dream and fantasy is to marry Siti Nurazlin and start a family give her a daughter and a son and they would be so proud that their mom is very hard working flight attendant they would be so proud of their mom like I would be so proud of my beautiful wife now we can get married either in Dubai or somewhere in Europe like London, Spain, or Italy we will have a house in Europe and maybe one in Dubai and since Siti is from Singapore I'll go back to her home country a lot. Look I know this would never happen but hey I can dream right? I mean Siti Nurazlin is so beautiful.",
914,YouTube,Poor Emirates slaves......not worth it.....you people are just slaves serving food and cleaning toilets......poor country people job........BRICS Nations and Eastern EU Countries......Slaves !!!,
915,YouTube,still sounds like a pretty crap job honestly,
916,YouTube,my dream goal job,
917,YouTube,"I saw an Emirates crew at London Heathrow once. It was like a perfume ad. They walked in slow motion, music was playing. Four women, two men. Six of the most perfect and beautiful human beings I have ever seen. Absolutely flawless.",
918,YouTube,This airline have very weird cabin Crew !!!,
919,YouTube,I adores this job since my birth!😅❤,
920,YouTube,So you can’t fly emirates for free as a employee?,
921,YouTube,"👋😊 Hello....ogh ! They have THE job...if I applied & started as a flight attendant/pilot immediately after school, I would most likely have been a well experienced cabin crew staff member by now....almost retiring",
922,YouTube,“Free housing” nahh it comes out of their paycheck and unless you’re Arab speaking you’re most likely going to live in sh-t. It’s all cover.,
923,YouTube,No union in Dubai for their crew,
924,YouTube,As a black women its my dream to work for emirates!,
925,YouTube,Well I do fit the job requirements no problem. But I don't want to be required wearing make up 😂,
926,YouTube,A job would be a job but it’s not that easy,
927,YouTube,Future job.,
928,YouTube,Fun fact my uncle is the manager,
929,YouTube,If you do the math at the 1:15 mark of the video. That's still less than 40 hours a week at any regular job you work a month.... That's a pretty good gig.,
930,YouTube,Ok... so about 9 flats a month. So basically you’re only working 9 times a month... I wonder how much they get paid? Hell I wonder how much any flight attendant gets paid when they only work 9 days a month. It’d have to be a lot to be able to have a living wage. I mean like... for the cost of living in my area (and I’m in the “low” class as far as income) I’d have to get paid at least $300 per flight and that’s on the low end.,
931,YouTube,"200,000 applicants for 21,000 positions. Why don’t we have a word that has as many jobs as applicants... :P",
932,YouTube,This video is brought to you by Emirates Airlines - one of the worst airlines to work for in real life. Source: I used to work there.,
933,YouTube,"32,000 a year ain't shit for that work.",
934,YouTube,No no how do they get to travel the world for free?? They LITERALLY work for 16 hours long flight and when they reach thr destination they JUST SLEEEPPPP AFTER TIRING DAY STOP USING STATEMENTS LIKE THEY GET TO TRAVEL THE WORLD for free,
935,YouTube,"Im a nurse and thinking of shifting career to being a cabin crew. But then I remember all the patients irrational demands and treating you like their servant is the greatest downside of working as a nurse. And I thought cabin crew and nurses have same thing in common, dealing with people everyday. And most of the time its not a great deal.",
936,YouTube,"Honestly, they rode more dicks for that job than Armstrong rode bikes in his career",
937,YouTube,Nightmare job,
938,YouTube,Siti is so beautiful anyone who thinks different you are entitled to your opinion but you are dead wrong she really works so hard.,
939,YouTube,"What it takes to be a flight attended with United Airlines: Be over 50, hate people, and be willing to leave your trailer to work on a plane. Also having no customer service skills, and a short temper will get you to the front of the que when applying for the job.",
940,YouTube,"I remember being in the airport, flying on a cheap airline and my grandma shushing me as the Emirates attendants walked past. We just stopped and stared in awe. They were the image of perfection when I was young, they almost floated across the airport floors like they were born there. I still appreciate them but couldn't live a life so restricted, I feel they rejoice in having a giant company mould them into a product. I guess that would happen with almost any job though lol",
941,YouTube,"Subtly leaving out that Emirates ""strictness"" is only based on misogyny cuz female flight attendants basically don't get to have a life and get payed way less than the male ones while still carrying a heavier amount of tasks. Interesting",
942,YouTube,"I'VE BEEN SEEING POST EVERYWHERE ABOUT FOREX TRADING AND CRYPTO CURRENCY, A LOT OF PEOPLE KEEP SAYING THINGS ABOUT THIS TRADING PLATFORMS PLEASE CAN SOMEONE LINK ME TO SOMEBODY WHO CAN PUT ME THROUGH...?",
943,YouTube,"Starting salary is 32,000 thousand dollars and then mrbeast giving 32,000 thousand dollars in a 10 minute long vid",
944,YouTube,"one free flight per year???!!!!!! sorry. that may be a show of appreciation, but it is not sufficient for the work being done, and the low salary that is being paid. thank you for removing the glamorous mystery of this airline, as regards their top notch attendants. wow.",
945,YouTube,"None of that sounds very good. ""Opportunity"" for airplane tickets isn't the same as guaranteed, who knows what the offered housing quality in Dubai is, and $32k a year is just... not much (though they are working less days so it's possible that is fair hourly compensation). This seems about the equivalent of working for Disney--you might do it and have fun for a few years but you don't get ahead much monetarily and no one stays there.",
946,YouTube,"my mum was going to work for emirates, there was a big eliminations process where they judged you on appearance, weight etc, she got pretty far but what made her quit was the fact she was told that no matter what you always listen to the customer, and she didn’t know how far “no matter what” was. would never work for emirates.",
947,YouTube,"So what do they need to work on when they are not flying? Since they only have 30 days vacation but aren't flying every day, is there other work that they need to do during those ""no flight"" days?",
948,YouTube,"Low salary, living in Dubai, hell on earth, and dealing with assholes and entitled, ""no a glamorous job"" your words no mine. lol",
949,YouTube,It's hard job. Not very easy if you have children.,
950,YouTube,pretty cool job!,
951,YouTube,That’s a low pay. I thought they earned much more,
952,YouTube,"Another side is , that there is an immemse pressure. Bad working conditions. You dont see as much as you think you will. Simply because you dont have time for it. And its not as glamourous as you might think it is.",
953,YouTube,"First class is for cowards. I enjoy the idea of being on my toes, not knowing whether my flight will be overbooked, or perhaps threats of being beaten and dragged off the plane.",
954,YouTube,Is 32K per year but the company pay over 40K for food and living n other countries while they working,
955,YouTube,working for terrorists,
956,YouTube,"Hardest part of job- keeping that white scarf spotless while wearing foundation and blush, lol.",
957,YouTube,"I’ve been saving for the course to become a flight attendant , and have been approved for a grant ! I could only hope to work for an airline like this .",
958,YouTube,"I cringed when you claimed their job is “standard”. Ok. Delivering a baby, fighting off a terrorist, providing medical attention to someone with a sudden and serious medical condition is not standard. It is extremely hard work and they undergo vigorous training to keep passengers SAFE. Usually no fewer than 200 at that, per flight. The primary job of a FA is not serving food and drinks, it is keeping people alive thousands of miles above sea level in an extremely contained space.",
959,YouTube,it takes a lot of HRT,
960,YouTube,"I wouldn't get out of bed for $32,000 a year the hell with the travelling around the world. Furthermore, I wouldn't call that travelling around the world :-) when you arrive, have a one-night stopover, and then you have to move on. My quick view on the job is that it is not worth the amount of trouble they deal with a few recalcitrant passengers.",
961,YouTube,"The fact they are so pretty has a downside. My mom was a flight for 40 years, and loved it. When she started at 21, she could not wear her much needed glasses and all flight attendants were “let go” when they hit 30 or got married, whichever came first. I am not sure if they have an age limit for their flight attendants, but sure seems like this is the case. Many jobs have age limits, just as in others your pay goes up with time and experience - it is a trade-off, but I am glad my mom got a full career and I have a job in the latter category.",
962,YouTube,My dream ...... job,
963,YouTube,"Definitely easiest job ever, I’d do it for $5000 a year",
964,YouTube,"$32,000 even with the board and meals is low pay. You cant live on that in a lot of US cities",
965,YouTube,"these youtube videos, like jeanie s and others flight attendant videos make me wanna be one, so i think i found my future job",
966,YouTube,I understand they have a high turnover rate; so I’m not too sure it is that great to work for them,
967,YouTube,Don't seem like a hard job to me.,
968,YouTube,"As a person that has worn minimal makeup, to more makeup, to less makeup again, I have to say, It’s hard for me to imagine to require someone to wear makeup- especially something like a bold red lip everyday as a part of uniform. I suppose if those people really want that job they will do anything to look the part, but to me that’s a form of control of women. Men don’t have to wear makeup, why do women? Are we not pretty enough on our own? Is being barefaced considered being lazy? Or unformed? Does any man really think a woman’s natural lip color has to be ruby red at all times of day? The only explanation I can see is they want to hide the fact that the flight attendants are tired and don’t actually look like that underneath all their makeup. I may be wrong about all that. I know there are workplaces where not wearing any makeup at all is considered unacceptable or looked down upon but you still have the option not to wear anything.",
969,YouTube,"Eh, not worth it in my opinion. I have to feel like I am actually accomplishing something day-to-day. This would suck as a job, and the whole corporate life is another level.",
970,YouTube,I JUST CAME BACK FROM DUBAI VISITING FOR THE FIRST TIME.. IT'S REAL THEY ACTUALLY RESPECT VISITORS AND ACCOMMODATION SYSTEM OVER THERE FOR WORKERS ARE SO GOOD AND BENEFICIAL.. THEY KNOW HOW TO KEEP THEIR PEOPLE♥️IN HAND AND HEALTH TOO,
971,YouTube,that's slavery... many people who worked for emirates say that it was a really bad experience,
972,YouTube,"It is my dream to become an Emirates flight attendant. So much benefits, free housing, amazing pay, but above all, helping passengers get an enjoyable experience and flying to so many exotic/ different places around the world",
973,YouTube,"Just got about half way through this and thought ""why the hell am I voleterily watching an advert""",
974,YouTube,"I'd say this video is very misleading. One big thing that is misleading is how they portray the accommodations for flight attendants. They make it look like the crew stays in 5 star hotels eating Michelin Star rated food. Unless Emirates is willing to spend $500/night and $100/meal for each crew member, I highly doubt it. Most airlines book their crews in hotels near the airport. In some places these can be nice hotels, other places not so much. The food is covered, but don't expect to be eating a $50 steak. Think more like John's Diner. It takes a lot just to become a flight attendant as well. You need to be capable of handling any in flight situation from a passenger who needs water to take meds to the passenger who is unresponsive and needs CPR. Then you have the luxury that the airline wants to show, so that's where the fancy uniform and appearance standards come in. I give credit to those who do choose to become flight attendants, but I wouldn't want to have that role. To much BS for not enough pay.",
975,YouTube,Not only is the service impeccable but the plane is spacious. It felt as though we were gliding through mid air. ❤,
976,YouTube,Oh wow I'm 5'2 😂😂 Funny how I can't be any shorter if I want this job,
977,YouTube,not an easy job,
978,YouTube,Wow.... 32k a year with a hotel room that I get to share with 4-6 other flight attendants? By the way you only get paid when the doors close for the hourly rate. Being a flight attendant is like having a part time job that demands your full time attention.,
979,YouTube,This job sounds like a nightmare,
980,YouTube,Another typical female career...pays like teachers and nurses... some think it’s a glamorous job...but as a retired flight attendant for 32 years it’s an EXTREMELY difficult job with little thanks.,
981,YouTube,"I used to work as a flight attendant for Air Canada and while they are not on the level of emirates, it really reminds me of how much a flight attendant truly knows. bugs me a lot when people only view them as ""private waitresses"" because they are truly Sooooo much more than that. they are the ones saving your lives in an emergency and the preparation alone that goes into that is VERY intense and stressful. They have all my respect. shout out to all the fellow flight attendants of the world! You do ALOT, and we thank you <3",
982,YouTube,"Two best friends (husband and wife: very good looking) were Emirates cabin crew. 1) They encountered many self-entitled, rude passengers that treated them like slaves (even calling them slaves and constant yelling), 2) Passengers throw trash in the aisle and have no regard for the crew or others on board. Don't be surprised if dirty diapers are thrown in the aisle, 3) Constant demand for more food ... as if they had never eaten a meal. Many passengers don't eat all day so they can stuff themselves, 3) Don't be surprised if a passenger has never used a TOILET and shits in the sink! Of course, a lot depends on the destination and what group of people is on board. Specific nationalities are the worst! The ""glamor"" ends pretty quickly ... (I think I'll stop there.)",
983,YouTube,Around $2600 a month to start with all expenses paid is not that bad for the amount of hours they're on the job.,
984,YouTube,"It's not always a rainbow, this job requires a lot of thing including pax safety and different profile of pax. I met my gf on the way from Korea to Dubai and she happened to be a crew member (she resigned in 2020 due to pandemic), indeed what we see is such luxurious lifestyle but my gf often crying after she landed because of sleep pattern, depression, lonely ness etc. Tbh now she found her freedom on the ground and she told me she always live in an spoiled environment since Dubai housing is free, but the disadvantages is that she doesn't have freedom and human rights while working in that company. So yeah if people wanted to try to work there go ahead but keep in mind it's not always what it is...",
985,YouTube,"I understand that they provide them free housing and one of the most expensive cities in the world, but with a base pay of only $32,000 a year? Some of those first class tickets cost anywhere from between 10 and 15,000 depending on the flight.",
986,YouTube,They skipped a lot on how it is being an actual crew member.,
987,YouTube,Did Jeenie Weenie work at Emirates?,
988,YouTube,I’m gonna work for Emiratis just for all the perks,
989,YouTube,That pay is bad lol. I swear these vids all imply that this sort of pay is great. No wonder the majority slave away in total bliss.,
990,YouTube,"$32k a year is terrible, im 18 and i make around 35k a year at a salary of $13.50 an hour in TN",
991,YouTube,"When I trained to become an SAS cabin crew, one of my fellow crew students went to work for Emirates before applying for SAS. All the students and the instructors were super curious what it was like working as crew for Emirates. He said it seems so glamorous at first but in the end you are just their slave and the system is so bureaucratic. As crew you are not even allowed guests past 9pm. So he quit after 6 month and moved back to Copenhagen. I think he is a pilot today.",
992,YouTube,The ability to suck a golf ball thru a garden hose ;),
993,YouTube,$32K Per annum is affordable To Work,
994,YouTube,"Never for get Dubai is leading the way in endentured servitude for thousands of people who will never escape the terrible pay, horrendous treatment and many other atrocious things happening in the UAE",
995,YouTube,"Everyone is like ""32k a year isnt a lot but the benefits make it worth it"" But you saw the mock schedule, she doesn't work a 5 day week, that's 32k a year with a serious amount of off-time and 32k is more than liveable, even in areas with airports that fly emirates",
996,YouTube,"Sounds like emirates uses a woman’s sex appeal to exploit them through their branding, thank u next",
997,YouTube,"The Gospel: We sin against God and for our sins we deserve hell. We fall short of God’s perfect standard for heaven. But the good news is we have a way to be forgiven, that way is through Jesus. Because he loved the world, he came, lived a sinless life then died on the cross for our sins, paying the price for them which is death. He was buried and rose again on the third day. Because Jesus did this for us the gift of eternal life from God is offered to everyone. All we must do to be saved is put our faith in Jesus ✝️❤️🙏",
998,YouTube,"32,000$ is a piece of shit in USA 🤌🏻 but this salary is well to feed a family of 5 for an average of 3 - 4 months from the countries these employees are from. Free house and meals is not as cool as you are thinking. It's decent but not like getting your own food and decorating your own living space. I honestly think their salary sucks for living partly in UAE. Most regions have high prices in nearly every essential products and even if the dollar currency is great, living average in UAE with 32,000 a year is not much you will drain wallet fast!",
999,YouTube,"This seems like a terrible job just polished to look good on the surface. It's like a ""only do it if you like it"" kinda job.",
1000,YouTube,I would hate the job,
1001,YouTube,My cousin works as a cabin crew for Emirates for the last 1years and she travels to 9-10 countries per month and her salary is 1.5lakh indian ruppes+ layover allowance and free accomodation in Dubai (just pay for wifi and grocery) and that's a lotttt indians would be dancing on the floor.,
1002,YouTube,"To the people saying 32k a year is meh: That's for an entry level job that only requires a highschool diploma, speaking English, and some customer service experience (plus the physical stuff like height and overall health). You pay no income tax, no rent, no bills, no transportation to the airport. You also get a per diem in cash whenever you stay out of base (4/6 times a month) which ranges from around $40 to $120, depending on the destination. You get unlimited flights at 90% off. Most crew come from countries where the annual salary doesn't even reach 5k a year. Yeah, Dubai is expensive buy if you live frugally and make the most of the perks (say, buy some of your groceries in a cheaper country when you're on a work trip), you can save a big chunk of your salary. And in comparison, most airlines in Europe pay less than 15k a year. On the flip side, the job is extremely demanding physically and, ultimately, mentally, and the company culture is a whoooooole thing altogether (there's plenty of info online). Also, the flashy events are only for the ""business promotion"" crew, a select group of pretty people that goes through another selection process. Source: I used to be cabin crew for them. PS: this is all pre-pandemic. I'm absolutely sure the post-pandemic new hires will have much worse contracts.",
1003,YouTube,"My cousin is a flight attendant for Emirates, she's been doing it for a number of years now. It is very challenging but she has many amazing memories and experiences through this job.",
1004,YouTube,I know I'm priveleged to be working in Denmark... But 32k a year does not sound like A LOT - I mean.. It probably isn't bad. But a enty level desk job in Denmark pays more.,
1005,YouTube,"''Jesus Christ is the Way, the Truth, the Life. No one comes to the Father except through Him. There is no other intermediary. May Jesus Bless you, trust Him, give your life - and He will take care of it :pray Convert yourself and believe in the Gospel;'",
1006,YouTube,"Bottom line, this is definitely working harder not smarter. Their salary hasn't changed in so long (not just this airline, nearly all airlines). And the only reason these jobs are so coveted is because of their appeal to elitism and always making applicants and FA's feel chronically inadequate.",
1007,YouTube,2:13 so you're saying Muslim men and Sikh men can't work on this field because they have to be clean shaved? wow how racist!,
1008,YouTube,Working as cabin crews and working in JD water spoons bar nothing difference.,
1009,YouTube,"For only $32k a year i have to say hell NO to that job. It is just a chang to me for sure. Trailing is good but I'm sure she can make way more money in other jobs with her charming personality, skil and commitment. She is defiantly settling for less.",
1010,YouTube,I hate this job bro its so repetitive and exhausting,
1011,YouTube,I have flight anxiety but this job sounds lit,
1012,YouTube,"I'd hate to be a flight attendant. It's like a hospitality job where you have to deal with shitty/drunk customers, but you can't escape to the walk-in freezer to cry.",
1013,YouTube,Hmm wonder how much you get paid and how much it's take up your job balance,
1014,YouTube,my dream job is becoming a flight Attendant for emirates . Tysm for this information this will really help,
1015,YouTube,"The damaging office algorithmically empty because lion regularly boast failing a unnatural albatross. obnoxious, homely postbox",
1016,YouTube,Working for Emirates is like falling asleep on a tree. You never know when you’ll be thrown out like a rag doll.,
1017,YouTube,"The job is too demanding, high entry requirements, doesn't pay much, and is very boring. Do people come to this job only because they have really no other option?",
1018,YouTube,My dad works at the airport and he says the Emirates flight attendants are treated abhorrently and have like no freedom,
1019,YouTube,I was applying a flight attendant is a difficult job or an easy job,
1020,YouTube,"Putting on a forced smile and wearing that daft headscarf all shift, don't think I could..",
1021,YouTube,It looks to me that they discriminate a lot to hire these women it sounds like whoever does the hiring has criteria at a pick up level and who knows what the salary is like,
1022,YouTube,"They look happy! It really pays to have structure in the workplace and benefits that show employees they are valued. Wow, a lot of our American employers can learn a lot from this.",
1023,YouTube,"This is the way all flight attendants used to look before Feminism. My ex brother-in-law used to work for TWA and interview ""Stewardesses"". The requirements back then would never fly today. No pun intended.",
1024,YouTube,This is amazing...thanks to all the crew members...this is why i love flying to abroad to create content,
1025,YouTube,They have to much law I would not want to work for that airline.,
1026,YouTube,uhh why arenth there any transexuals and obese people working for this airline?,
1027,YouTube,"The concern that I would have is if I get to keep my passport or does the airline hold it so that you have to work yo the end of the contract. They make it sound so glamorous, but a place like Dubai; come on. I am pretty sure that there isn’t much freedom and you’re more than likely treated as an accessory. $32,000 a year isn’t much and you probably live in an apartment with other crew members and you probably have a strict schedule and curfew.",
1028,YouTube,"A lot of ass kissing, and serving sandwiches correctly. Lets not pretend there is 1mm of skill in this job.",
1029,YouTube,I knew two women who worked this job both of them seduced by bad guys and left alone w their kids. One a rich mideastern guy who had other wives the other a pilot. Neither story had happy ending. Stay home girls and find a wholesome simple guy who loves you. All that glitters is not gold.,
1030,YouTube,"I am waiting for the day when these Islamic countries cabin crew and flight attendants will be in hizab, burkha or black tent covered from head to toe 🤔🙂🙃😬",
1031,YouTube,your bedtime is monitored. you cannot work with a pimple. it's disgusting.,
1032,YouTube,"But being a flight attendant you know you have to retire early too. You could see there is a very few or even none flight attendant who is above 35 or 40. The work morale is high and perks are great but the essence is not a long run, it drains you.",
1033,YouTube,All that work for 32k 🤦🏻‍♀️. Hope they meet rich men in first class😉,
1034,YouTube,"you have to be shallow to work for the same people who take the rights away from people in their own country... the princes and sultans whom are the owners of emirates and etihad are the same people running the country. it all looks fancy and shit, but never would i ever destroy my own body life and my sanity to work for satan himself (sorry for this very darks opinionated comment)",
1035,YouTube,Such a small salary for first class,
1036,YouTube,"I wonder if, in true Emirates fashion, they also confiscate their flight attendants' passports and require them to beg for the luxury of being able to quit or get a new job. Bonus points if they beat or otherwise abuse the flight attendants.",
1037,YouTube,30k base pay is what people made in 1992.,
1038,YouTube,Boring job and tiring So life sorry,
1039,YouTube,"Meh. I am fluent in three languages. English, Bengali and Hindi. Read. Write and speak all three. 5'3. No tattoos, about to pursue my masters. Gimme the job 😅 only problem is that I can't smile all the time.",
1040,YouTube,"wonder how many of them sleep around with people during, before and after their shifts",
1041,YouTube,"An experienced lead flight attendant is so similar to a nurse, it's no wonder then that at the start, aviation planned on actually employing nurses for that position. Between the threat of calamity, the threat of unruly passengers, terror, along with the normal duties of maintaining the cabin, it's a daunting job, one that at times drags on for hours (trans-Atlantic...) Hats off to them...",
1042,YouTube,I know people who worked for Emirates and yeah you get good money BUT forget about alcohol of any kind and forget about boyfriends/girlfriends. Just married couples can stay together in the same building. So from my western perspective it doesn’t matter how much money I’m gonna get if I have to live a Muslim life. NO WAY I rather work in McDonald’s,
1043,YouTube,I flew business class on Emirates from Thailand to Hong Kong it was an amazing experience. My steward was a guy. He asked what I wanted to eat I told him I had already had dinner then he asked if I was interested dessert and I said sure he brought the tray and everything looked so delicious I didn't know which one pick he said why don't I leave the tray with you and you can sample each one.😁💃🏾He was awesome!!! The whole crew was from all around the world I really liked that. I will fly Emirates again and again.,
1044,YouTube,"I was traveling home from the Miami International Airport and just before going through security, a large group (probably about 20) of these flight attendants walked by me laughing, smiling, and talking amongst themselves. They were just so... glamorous. I had no idea how special they were until I saw this video. I want to be one of them. 😊",
1045,YouTube,Such a beautiful job!,
1046,YouTube,"I had this vague dream of becoming a flight attendant once. I match most requirements with a height of 5'7, fairly strong for a woman, learn technical stuff quickly, can look the part appearance-wise when required, can serve food, no fear of flying/heights, fluently trilingual, two VERY tiny tattoos that are easily covered up, and a huge urge to travel. But I don't think I could handle the actual day-to-day life stress that is not shown in videos like these: A$$hole customers, turbulence to the point that it affects your work up in the sky, being on a very short notice for departures, not getting all the goody-goody luxury flights at once but instead flying within the country serving standard/economy with no extra benefits, etc etc. I do get that you gotta work your way up but it's basically a life(style) commitment :D",
1047,YouTube,"Awful company for female employees. Met many women who worked there - and no good stories at all. 90% burn out within a year. Those who stay longer, either run screaming after 3 years, or 'age out' by 30 and are fired for their age. Yes, seriously. (men however, can continue working as cabin crew well into their 40's.... because you know, they're ""more valuable"" .... *eyeroll*)",
1048,YouTube,Pay is a bit low,
1049,YouTube,"got to note also that they instantly lose their job's in case of a global pandemic, social security doesn't exist in dubai",
1050,YouTube,I could literally be working there if it wasn't for my height and lack of high school degree.,
1051,YouTube,"The vivacious discussion reilly peep because cupcake rapidly mess up round a workable mailman. fantastic, feeble feigned lemonade",
1052,YouTube,"My question is, how acceptable to travel somewhere for free, but when you get there, you are too broke to afford the hotel stay (free housing in Dubai only) or to even buy anything when you're only paid 32,000/ year to be a makeshift airline Barbie.",
1053,YouTube,Just like a maid in ancient times working for a nobles.,
1054,YouTube,"The perks are there because it's a state owned company otherwise there would be no house, half pay , no leave & twice work load.",
1055,YouTube,So you have to quit your job when wrinkles appear on your face ? I'm asking coz appearance seems to be a big deal for you guys ? So what will you do after that ?,
1056,YouTube,I would really like to work with Emirates,
1057,YouTube,"lot of people have preconceiveds notion about the lives of cabin crew. They see them flying to different places, enjoying different cuisine in their native places and living a glamorous life. People think that the air hostesses and the stewards working with each airline are paid big bucks which lead them to live such a luxurious life. There has always been confusion within the Indian population as to what is the salary that the cabin crew of each airline is paid. A Quora user, Astha Gill, who is also the Aviation Inspector at Airlines is here to clear all our doubts. Her answer to the Quora question, ""What is the average package of the cabin crew in India?"" is all that we needed. She started with explaining what exactly is the job of an air hostess apart from all the glitz and the glamour. She wrote, ""A complete package of good money, loads of adventure, challenging situations, a tinge of glamour, Hardcore Professionalism, Multitasking, some sleepless nights and Red Eye flights, irreplaceable responsibility and unforgivable accountability, free Bharat Bhraman!and allowances to take care of monthly expensesCabin Crew profession has a Biiig Flight Bag!!"" She then compares an air hostess salary account to an auto-rickshaw meter. Astha explains, that there is a basic salary which will be accounted every month but the final amount that comes into your salary account will depend on the number of hours you will build in flying. However, there is a maximum amount of hours that you can put on your meter. She further breaks down the salary annexure into various factors. 1. Number of hours 2. The airline that you are flying for 3. Your seniority in the airline 4. And finally, the allowances are different for domestic and international destinations. CHECK THESE OUT MORE ￼ Why Pinarayi Vijayan’s choice for Kerala DGP has raised eyebrows TRENDING ￼ Rahul Vaidya reveals honeymoon plans with Disha Parmar, jokes about going to Lonavala RECOMMENDED ￼ Care Today brings shower of relief in Jaisalmer, helps 250 needy families RECOMMENDED When MP Dayanidhi Maran found that another MP is flying the plane RECOMMENDED 7th Pay Commission: Calculate your salary hike after DA restoration TRENDING Matter of concern that people travelling to hills with no masks, says PM Modi RECOMMENDED However, in the initial days, the salary can be somewhere between Rs 35-40k per month but it can go up to 6 figures in no time. ALSO SEE | Still postponing that Bali holiday? Your trip is going to get expensive now ALSO WATCH | What happens when a single girl goes to Uzbekistan Click here for IndiaToday.in’s complete coverage of the coronavirus pandemic.",
1058,YouTube,They got me to watch a 4:39 job advertisement. Good job.,
1059,YouTube,"Pay does not seem much and 1 free flight year(that sucks) free housing is nice, but far from the airport. That sucks, and your out of place to stay if your fired. Gees sounds like a real fun job (not). Yea you travel but your tired and lay over May be short. I will pass on all that,. My friend is cabin member for large airlines in US. He has been working 27 years, same job and banking big time, and free flights whenever and his buddy passes. No free housing, but wages really worth sticking around.",
1060,YouTube,You need to learn how to throw rude passengers off the plane,
1061,YouTube,when the benefits are better than the salary,
1062,YouTube,"Any US flight attendant wouldn’t never make it. They are rude, chips on their shoulders and super entitled in every way. Not to mention chronically unhappy.",
1063,YouTube,I have worst social anxiety and this is my dream job I don't know if i can achieve that job😭,
1064,YouTube,"The melodic nation arthroscopically deserve because backbone natively educate unlike a ubiquitous silica. nifty, tacit plain",
1065,YouTube,Now I'm sorry I didn't try this job before 😇,
1066,YouTube,"""The job is not always as glamorous as you think"" I don't think being a glorified waitress/housekeeper/usher/maid is exactly glamorous, but whatever I guess.",
1067,YouTube,"Tourism and hospitality industry do not give a shit about their employees, the salary is so low and the work is so hard",
1068,YouTube,"With Delta or United you see obese ladies or women over 50 years old making high pitched cunning jokes over the announcement. I hate that shit. I've flown a lot around. I've seen different airlines their cut of what they consider as minimal to become an attendant. Emirates and Etihad cabin crews are definitely up there with class, beauty standards and mannerisms, I came across one attendant who spoke 5 languages, most speak multiple languages and hold college degrees, accounting, nursing, hospitality, and etc. That adds a feeling that you're surrounded by people of high integrity. Worthy of mention are also the Asian airlines like Singapore Airlines and Asiana Airlines, they're up there as well",
1069,YouTube,"""A height of 5'2"" Me (with height of 5): Well, guess I wasn't born to work as a flight attendant",
1070,YouTube,32k a year is criminal. People working at McDonalds make $18.00 an hour which is more then 32k a year.,
1071,YouTube,"For my country 32000× 78 = 24,96,000 !!! 😱 OK divided by 12 (monthly payment) = 2,08,000 !!! OMG For us THAT'S A LOT!!!! 😱😱😱💞💞💞💞💞💞💞",
1072,YouTube,"Not to be an asshole but what do they do when the crew hit 40? Everyone on there looked 20-30, Is this only a position that lasts 10 years?",
1073,YouTube,Jesus Christ is coming repent from sins,
1074,YouTube,The flight crew for Emirates is the most stylish crew in the industry!! I would love to fly on their planes one day. Korean Airlines has nice uniforms too.,
1075,YouTube,"not bad, if they work for about 10 years in total, they have 3 vacation days to spend with their families per year",
1076,YouTube,easiest job,
1077,YouTube,I want to be a cabin crew member and the languages I know is ENGLISH HINDI SPANISH KOREAN,
1078,YouTube,Her: “The best part of my job is travelling” Me: “THAT IS YOUR JOB” 🤣😂,
1079,YouTube,"""come work for us, and youll get at least 5% increase in cancer""",
1080,YouTube,"being flight attendant is not a sweet gig, its like working on a restaurant but up in the air",
1081,YouTube,6hr part time job 25hr a week enough for me thanks,
1082,YouTube,"This was one of my dream jobs and I was close to applying, but after flying a few times on my own vacations, I found out that I get severely sick after flights. It makes me so sad",
1083,YouTube,Seems like a good job tho,
1084,YouTube,How much was Business Insider payed for this?,
1085,YouTube,"I'm gonna be 'that guy' unfortunately, but being on your feet for 11 hours during a 16 hour flight isn't exactly what I'd call taxing? I've pulled 16 hour shifts before now where not only am I on my feet for 15 of them, but during those 15 hours I'm humping stuff around a huge warehouse the entire time. 11 hours walking around serving meals and drinks with 5 hours sitting down and/or resting would be a piece of cake in comparison...",
1086,YouTube,Step 1: Become mutabarrijah Step 2: Serve khamr Step 3: Take haram payment Step 4: Done,
1087,YouTube,Trash pay lol,
1088,YouTube,Stop saying 32k$ is less that's a respectful men's salary,
1089,YouTube,That is TERRIBLE pay! Less than a teacher in America who gets an average of 3 months off including holidays. At least they get to travel...,
1090,YouTube,"32,000 a year isn’t a lot at all—of course, free housing helps, but even with that(if we tack on an additional 1,000$ per month in housing benefits to add to the pay) that’s still only 45,000. Guess that’s motivation to work up the ranks.",
1091,YouTube,Only 32k a year base pay?? I JUST started at Home Depot & make more than that already lmao.,
1092,YouTube,"One free flight per year is nothing, it’s terrible. One of my relatives worked for TWA in the ‘50s, 60s, and ‘70s, in what amounted to a position as a corporate travel agent, and not only were she AND her daughter able to fly for free anywhere TWA flew and as often as they wanted, she was ENCOURAGED to travel far and wide, so that she’d be familiar with routes and destinations and could make better travel recommendations. The world has changed... 😕",
1093,YouTube,Imagine being so disconnected from the world that you complain about your work being demanding when your work essentially boils down to doing some house chores for on average 17 hours a week. Most people would die to be this well paid for only 17 hours work a week. That is not work. That is vacation.,
1094,YouTube,"$32,000 might seem like a low starting pay. However, the United Arab Emirates only has an income tax for businesses, not for individuals. So employees get ALL of that money.",
1095,YouTube,16 hour shifts on your feet is alot !,
1096,YouTube,"The plane and crews of Emirates are international but the logo, it's universal",
1097,YouTube,"A lot of people are worried about 32k a year but honestly I’m not mad at it, doing something that I love doing and making money from it is great as long as I have enough for food, and house which they take care of is the most best thing ever for me. But I hope we all find our dream job.",
1098,YouTube,It is a great job for many but viewers must keep in mind that this segment was filtered through Emirates’ PR team so you only get the polished version of what it’s like to be an FA for Emirates,
1099,YouTube,"Layovers is nothing new all flight attendants get that, and no most of them are garbage. The flight attendants get the best layovers by choice based on seniority. Also the pay is pretty bad mentioned here. There is nothing special except them being based in the desert which is that a positive?",
1100,YouTube,"I was gonna say a lot of cocaine, training and will to not THIS IS SPARTA kick the door and let all the passengers get sucked out",
1101,YouTube,To get a job opportunity in emirates what do we need to do,
1102,YouTube,conaisering uae doesnt have income tax and food accomodation is free that is huge salary to just dump into saving/investment,
1103,YouTube,"At first I thought being a flight attendant was not worth it, but hearing the advantages I've never heard before, yep definitely working there. (I think) I'm not the type to wear heels and I don't like make up either, I suck at remembering and suck at patience. I have limited small patience.",
1104,YouTube,How to apply this job?,
1105,YouTube,"I am 25 y.o I am very tall and strong .. I speak 5 languages (Arabic, English, French, turkish and Spanish) I have a university degree . But I am a man .. Can I work with them ? xD",
1106,YouTube,who wants to have such dog -tiring job and feel like shit day by day before and after your trip? Not me..,
1107,YouTube,It’s my dream job,
1108,YouTube,I want this job so bad 😭✨,
1109,YouTube,"I actually know three of the languages needed , English ofc🙄🙄 , bengali and Hindi",
1110,YouTube,"""MEN NEED TO BE CLEAN SHAVEN"" this is enough for me to don't consider this job",
1111,YouTube,32k dollars is crap for such a demanding shift work pattern.,
1112,YouTube,"Some of yall have no idea that 32k dollar base salary is still a lot, of course only after taking in consideration where you live. Where I live, 32k dollar per yr is not that bad, in fact people are considered privileged if they earn that much.",
1113,YouTube,"Cheerleading and Flight attendants: worse jobs ever. Not because the people doing it are less deserving but because these 2 in current world are made for objectifying them. More focus on looks and emphasis on acting like submissive rather than their talent or letting them act like people. And yes, i Know all jons have some professional requirements but they take it too far",
1114,YouTube,That is a sick job that doesn't pay enough,
1115,YouTube,"""no visible tattoos whilst in uniform"". Also ""men need to be clean shaven"" So my neck and hand tattoos and my wild grown beard are stopping me 😂. And I will never shave my beard! But I work as a certified pipe welder so nobody care",
1116,YouTube,Respect them flight attendants They can deliver babies Under go the pressure of dealing with a Karen Puts a smile on their face and is extremely polite And just being nice to them makes their day better! You’ll never know what they go through lol They might die on the flight bc of a crash thou... BUT OVERALL RESPECT THEM (EDIT) that was me a year ago I’ve changed 😂i still haven’t met any rude flight attendants even tho I travel through air a lot even during covid🧍🏻‍♀️,
1117,YouTube,I recently just started investing in bitcoin when I learnt it was $60000 through the help of Austin and just an hour ago I got a profit of $9000 into my wallet,
1118,YouTube,I’ve always wanted to be Cabin Crew but never knew how to apply for it,
1119,YouTube,"Man i have homework, i should not be watching this",
1120,YouTube,"Sorry to bring the harsh reality but 32k a year to live in the richest city in the world in a small dorm there that you have to share with other employees just to never be in that room because you're at work for most of the month, having to pay a lot of money for basic things (because *ahem* hello this is Dubai and you're living with the wage of a Walmart worker) hardly living is terrible especially with having long work days and hard labor in an airplane not to mention they don't have pension or benefits its not worth it. Apart from a dorm you gotta share, public transport and food you have to pay for everything else as if you can live off of that in Dubai. People in this comments section are really showing that they haven't worked for a day in their life, you are working in a plane for hours on end with no sleep, 24/7, they also have no holiday vacation time and gotta work on days like Christmas. Everyone is acting like free housing is a mansion or a penthouse, its a community housing unit and you gotta be roommates with other people in a small dorm from what I found. Emirates also doesn't have insurance benefits at all or any pension so you have to take care of those finances alone in the most expensive cities in the world on the average minimum wage. You literally have to stop everything you're doing and wanting to do in your life for this job that pays less than a teen job at McDonalds, also you have to get a bunch of qualifications and work time is strict and you need to dress and maintain an unrealistic beauty standard for what?..... 34k? It's truly sad and they need to raise it.",
1121,YouTube,I recently flew from the US to Africa thru Dubai with Emirates and it was amazing. Top notch customer service!,
1122,YouTube,"The nebulous college synchronously chase because imprisonment topologically escape outside a past prepared. fallacious, rainy angora",
1123,YouTube,My dream is become a cabin crew in Emirates airline,
1124,YouTube,my dad: earns 32k per month also dad after watching this: I QUIT MY JOBB IT SUCKS,
1125,YouTube,I’m training to be a flight attendant so this is helpful,
1126,YouTube,"Delta crew members make $80,000+...",
1127,YouTube,“You need to be 5’2” Finnaly a job for Levi,
1128,YouTube,"This job sounds super hard and $32k is not incentive. Like pay this people more. Yes they get to travel but how much are you actually doing during a layover? it's explore or sleep (if you can) and after a 16 hours flight, who in their right mind wants to go out? Forget 16 hours. I took a seven hour flight to Barcelona and when I got to the hostel midday i went to straight to bed.",
1129,YouTube,It’s a tough job though,
1130,YouTube,"I may be only 11, but this has been my dream job, ever since I went to my first Emirates plane trip. I actually will choose this job, or Over becoming A Aerospace Engineer (fun fact about me, I may only be 11, but I got a Harvard university guarantee scholarship, because of my grades since I was 4.)",
1131,YouTube,Notice how we don’t have men complaining there’s no equality in this line of work,
1132,YouTube,I’ll stick to working at McDonalds,
1133,YouTube,"The pointless lunchroom tellingly shock because quiver phenotypically stitch until a apathetic horn. dark, utopian verse",
1134,YouTube,"The sore shrimp conceivably marry because notify frequently harm amongst a permissible ceiling. chemical, invincible laura",
1135,YouTube,people scoffing at 32k usd per year... meanwhile in my country that is like upper middle class salary already,
1136,YouTube,"No hate, but I just wonder why makeup and heels are essential for the job, being a flight attendent is basically serving food and essentials and safety precautions in my opinion. I get the height part to reach the bins but otherwise I feel everything else is just sexist.",
1137,YouTube,"damn, what a nice job.. *“we have to maintain physique and be quite fit”* haha lol nvm.",
1138,YouTube,"I've always wanted to be a flight attendant since i was a kid but sadly, emirates doesn't accept filipino cabin crew anymore.",
1139,YouTube,"The adamant flame commercially peep because quart roughly concentrate failing a unbecoming violin. nauseating, awesome lunchroom",
1140,YouTube,Lol i remembered one of the male and female cabin crews always greet me whenever they see me since my aunt was a flight attendant i miss going to dubai :(,
1141,YouTube,"Such a good job to work for ! So ambitious , hard work , challenging yet rewarding. The work etiquette and discipline is just marvelous. Hope other jobs were like this too !",
1142,YouTube,Its certainly a demanding job but its also a well payed one.,
1143,YouTube,"Ok, now i want to work at emirates",
1144,YouTube,"Such a Beautiful Young Woman! I See Why this is a Top Notch, First Class Airline. As they Definitely Treat Their Employees with such Respect, Concern and Care. This Video Makes Me want to Fly Emirates and be a Part of Their World. I Can Only Imagine, what it Would be Like to Visit or Live in Dubai. The Level of Opulence and Luxury. It is a Charmed City.",
1145,YouTube,"Hello everyone, I'm so happy because I am free from (HERPES) I have been suffering from herpes since the past three years now, and I have passed through many different processes in getting cured but nothing was working out. A friend of mine introduced me to a man called Dr. Abumere who sent me a herbal medicine which he prepared for me and told me to use the herbal medicine for 21 days which i did, and my life get transformed and everything is fine and okay with me. Till now I have been going for check up and it is now going to four months and I am still negative.Thanks once again Dr. Abumere may God bless your good works. so contact him today via email (doctorabumere6@gmail.com) you can also call or WhatsApp him on +2349021975055. ...",
1146,YouTube,"My question is, do the first class cabin crew think they are above human beings because they are serving the rich class that think they are cool to have a seperate carpet laid check in to the exclusive lounge, priority boarding, fine dining, etc etc and the list goes on? I mean at the end of the day, if the plane crashes everyone dies and goes to the same place, no carpets laid, there, no priority service, no special meals...",
1147,YouTube,That pay is shit. That’s on the low end of what flight attendants make. Like 20k less than the average. Anyways do they only pay them when the airplanes door closes? Because that’s a shit practice that should change and something potential prospects should know since this is basically just a recruiter video. All those preflight checks are free labor. And those perks are absolute crap. Let’s see that free apartment while you’re at it.,
1148,YouTube,"That'd be really nice to be payed even when not flying, sounds like standing for long periods of time may not be fun but you get to travel the world and free housing, not bad.",
1149,YouTube,"If you add paying for layover housing and foods, that annual take home could be almost 50k",
1150,YouTube,In reality: The Job is paying you 200K a year if you incorporate all the perks including destination travel and leisure..,
1151,YouTube,"I know several people who worked for Emirates and they had a lot of working hours per month, much more than other airlines. Job is not as glamorous as it seems.",
1152,YouTube,i wish my job was this easy,
1153,YouTube,normal people: pay to get on plane Flight attendents: get paid to be on plane,
1154,YouTube,"There is many videos of former Emirates flight attendants on YouTube. This job was killing them, they ran into serious health problems, you always work with different people, so you don't have friends at work, you just get room in Dubai, not own apartment, you live constant jet-lag, and all the ladies are asked to hide they hair and put the same lipstick, all look the same, very boring for passenger, they make slaves out of flight attendants, I AM NOT A FUN OF THIS AIRLINES,",
1155,YouTube,"I had the opportunity to fly in first class, after see Infinity wars I decided to go to the bar. I am not a talking guy, but I spent three hours talking with all the crew, it was a fantastic night. I remember they took me many pictures. It's shame my wife deleted all xD",
1156,YouTube,im not high and i have piercings on my ears so i can say bye bye to this job who i want make sience im 5 years old,
1157,YouTube,yall jobless now,
1158,YouTube,"God’s bless you all abundantly, Love in Christ Jesus, Crispina Omak Tibon",
1159,YouTube,"I actually went to the interview and passed the first stage, I have experience as flight attendant, but then Covid came and now I'm at home doing a boring job 🙃",
1160,YouTube,"Damn, imagine having a job where you HAVE to wear makeup. Like why do women have to look “perfect” all the time? If the man can be without makeup, whats wring with clean face? Alright fine the red lipstick may be “iconic” for them but why would you make mascara compulsory wth",
1161,YouTube,I really want to be a flight attendant but my mum doesn’t let me because she says “the pay is too low”,
1162,YouTube,Marvellous ladies and they do a marvellous job in the cabins. I take my hat off to you all as I wouldn’t do this job for all the tea in China.,
1163,YouTube,Still an employee not owner of Emirates,
1164,YouTube,"They are nothing more than glorified house keepers and waitresses !!! What a joke !!! Must have a high school diploma ... ? Crap go to college and get a real education and a real job like a scientist or doctor or attorney or college professor etc !!! Stop 🛑 pretending you have a glorified job !!! You don’t !!! If you gain weight your outer there !!! As soon as wrinkles start to show , your outer there !!! Once your out you have no more free housing and no where to go because you never got a college degree as a backup !!! These companies use you then throw you away like yesterday’s garbage because there are always other idiots waiting in line for your job !!! Prettier , younger , slimmer who doesn’t mind also kissing the passengers asses !!! My best friend was an airline stewardess and she always had to watch her weight because stewards and stewardesses are frequently monitored !!! When she turned 30 they let her go because she looked too old !!!! So at thirty she entered college and became a registered nurse and often she felt embarrassed because her classmates were anywhere from 19 to 21 years old !!! In the meantime I had a great career in cancer research , so my friend missed out on many good years !!! Stop 🛑 glorifying these airlines and making people think that working for these airlines is fantastic because it’s not !!! 👎👎👎👎👎👎👎👎👎👎👎😡😡😡😡😡😡😡😡😡😡😡",
1165,YouTube,Where are all hate comments from the fired crew members?,
1166,YouTube,"my sister is a flight attendant, wouldve been cool if we rode on the plane where she was in shift. 1/10 the reception, there were vacant seats but didnt let the people that were still waiting lol",
1167,YouTube,"Hello Guys!! I am Annayah Williams, I live in Chicago, I am very excited today. I was a poor woman with 3 kids it was difficult to pay my bills and feed my kids. My husband left me and the kids for another woman and ever since then we were living in pain and hunger but just few days ago i came across a testimony of a man who got a blank ATM card from Mr.Hamzard, So i immediately contacted him for the same type of ATM card and i am very happy to announce to the world that i am living a fulfilled life.This blank ATM card can withdraw up to $10,000 and more daily without you having any account with any bank. I have been able to buy a house and start my own business with this blank ATM card. in all Make your order today and start living a good life, his email address is (hackblankatmservices@gmail.com)",
1168,YouTube,A really apt job for a person who loves to travell,
1169,YouTube,"I’m personally so tired of men having to shave for almost Any good job. I break out if I shave, and I’ve tried a million different products and practices to prevent it, but I CAN maintain a very tidy and clean beard, but this instantly disqualifies me for many jobs.",
1170,YouTube,"The makeshift tire adventitiously mess up because yoke causally trot throughout a narrow lute. long, aback division",
1171,YouTube,Maby i could do that job,
1172,YouTube,"I could have easily qualified to work there. I speak 5 languages, pick up other languages very easily. Height - check. 7' arm span - check. I wouldn't want to travel to any country in the middle east much less, live there. Although I had a lucrative opportunity to move to Doha for work. I turned it down. I have heard that Doha is a very beautiful city!",
1173,YouTube,Best Job for mee,
1174,YouTube,Why dream job to be a flight attendant for Emirates,
1175,YouTube,"Nothing special about this . Cabin crews are just waiter/waitress the only difference is they do their job on air..,🤣",
1176,YouTube,"a shit of a job to say the least...get used and abused, turn arounds are brutal and other woman things get messed up ...",
1177,YouTube,"I'm wondering being a polyglot and graduated from high school possibly to be a flight attendant for emirates? I'm 5'5 from the tip of my toe to the tip of my is 6'6 and still growth. I love music and singing. My goal is to be a singer, make songs from common phrases and captivated someone's heart. Feels so magical for me to do that.",
1178,YouTube,This is my dream job🙂🙏🏻🥺,
1179,YouTube,"It's mind blowing realizing that binary trading changed my life I didn't except that I will be financially free through binary trading I invested a little amount of money of $ 1000 and now I make $ 13,000 weekly with Mr Ryan Burnnet and now am free from all debts......",
1180,YouTube,Can anybody mention the instagram account of the male cabincrew who is shown in this video?,
1181,YouTube,A steakhouse waitress working for middle eastern rich men,
1182,YouTube,What if their pregnant will they still keep their job during and after maternity,
1183,YouTube,"The worst position to work in a flight is in first class lol. Your a slave for snobby passengers, no thanks! Better to work in the back. You serve the food and drinks and your done. First class is non-stop!",
1184,YouTube,"I was about to scoff at how how the pay was but then again, they get free housing, a crapload of perks, and they only have to work a few days out of the month. I guess the below average pay (at least in the usa) really wouldn't be too bad.",
1185,YouTube,"""What It Takes To Be A First Class Flight Attendant For Emirates"" step 1: *pay* a ticket and go to Dubai to get your application and training done",
1186,YouTube,"Yes this is definitely my dream, My career choice is to be a flight attendant. And it so happens I fit the job requirements.",
1187,YouTube,How can i get this job please help,
1188,YouTube,That salary bruh,
1189,YouTube,"I don’t think the cabin crew is on their feet all the time. I ve been travelling in emirates since 2014 and I see cabin crew being busy during take off, serving food and during landing. During taxi, they don’t walk much.",
1190,YouTube,"TRUE LIFE STORY Hi My name is ""Carl I am from USA I was married for years. until things started getting ugly and we had fights and arguments almost every time... it got worse at a point that he filed for divorce... I tried my best to make him change his mind & stay with me. he moved out of the house and still went ahead to file for divorce... I pleaded and tried everything but still nothing worked. The breakthrough came when someone introduced me to this wonderful, great spell caster who eventually helped me out... I have never been a fan of things like this but just decided to try reluctantly cause I was desperate and left with no choice... This great baba mukuru did special prayers and other things he had to do... Within 2days my husband called me and was sorry for all the emotional trauma he had cost me, he moved back to the house and we continue to live happily. what a wonderful miracle baba mukuru and the faith I had in him did for me and my family. I have introduced him to a lot of couples with problems across the world and they have had good news... I strongly believe someone out there need's his help. so make extra effort to save your marriage/relationship if it's truly worth it. contact him Via email on (peterelis44@gmail.com). you can contact him via..+2348074335465",
1191,YouTube,That drape hanging from their hats make the job even more miserable! That was distracting AF!,
1192,YouTube,Jesus Christ loves you,
1193,YouTube,Jobs minimum large 21 Evin Mathew,
1194,YouTube,Everyone's saying that 32k is not a lot I don't know about Americans (probably not free health care) but average yearly salary in England at least is like 20-30k a year,
1195,YouTube,Me: I’d like the Travis Scott burger McDonald’s employee: Coming right up! Me: Thanks,
1196,YouTube,I used to fly emirates all the time. They used to announce all the languages available by cabin crew on board. One flight I took was like 21 languages.,
1197,YouTube,"2:11 Chris Evans is now a flight attendant!? Damn, covid must've ruined his acting career.",
1198,YouTube,I speak three languages 1. English 2. Sign Language 3. Sarcasm (I’m most fluent in),
1199,YouTube,"Given that her major costs are taken care of, it's not a bad pay",
1200,YouTube,Emirates:We gather your info for future flights Employee from google who works with ads :😮,
1201,YouTube,Only 1 free flight a year ?? US Airlines give all crew unlimited free filghts (on standby) But one of the richest airlines in the world only gives their crew 1 a year ? I don't think that's true,
1202,YouTube,Imagine you gotta pay for each flight as a flight attendant 👁👄👁,
1203,YouTube,Hi! I'm 32 and can I still try for Emirates cabin crew?,
1204,YouTube,Second hardest job in the world,
1205,YouTube,"The perks seem nice, but the salary is not very good...",
1206,YouTube,"""The best part of my job is travelling"" Isn't that your job?",
1207,YouTube,"Lockdown madness, having the time to scroll through dozens of random comments about an airline that I will probably never travel on & definitely not first class.",
1208,YouTube,"Am I the only dude checking out this video cause he's serious about working as a steward , for Qatari airways though lol",
1209,YouTube,$30k a year is really good if you don’t have to pay rent right?,
1210,YouTube,Getting paid just to travel the world?? The best job,
1211,YouTube,i want her job,
1212,YouTube,The training it takes for American Airlines:,
1213,YouTube,You have to love flying to do this job too :) she looks like she really enjoys it and has to be an attendant in first class!,
1214,YouTube,This jobs sounds great. 😊😊,
1215,YouTube,now would i be crazy to say as a person not from dubai to say i wanna work for emirates 😔,
1216,YouTube,now would i be crazy to say as a person not from dubai to say i wanna work for emirates 😔,
1217,YouTube,Wow. I'm in the wrong job.,
1218,YouTube,Be a narcissist I guess to get a job like that 😅 and definitely well read and we'll spoken,
1219,YouTube,32k isn’t too bad for this job.,
1220,YouTube,Why does this make me wanna sign up for this job? 😂 I mean i would have a house and food and a salary and free flights? Yes please!,
1221,YouTube,"""the best part of my job is traveling"" what the hell else do u do? besides travel?",
1222,YouTube,"I have to say, when I choose to go with Indian airlines, in male crew members I thought they were japanese until they started speaking Hindi.",
1223,YouTube,Guys Uae is arab contry but everyone speak English Because the tourists have a huge number Even the Arabs to live there must learn English To make friends or for job,
1224,YouTube,"I think the job is rewarding in many ways,not a lot of jobs will allow you to travel and stay in amazing places like that. I could see myself doing this for a year or two? But 32k a year and a free flight isn't where the bag is.",
1225,YouTube,"I’m surprised to say the least that there was basically no mention of a flight attendant’s most important job - safety. The primary role of the cabin crew are to maintain the safety of passengers, yet there’s no mention of it here, just serving passengers",
1226,YouTube,"Standing is a physically hard job. Bolt - Okay, What now!! ?",
1227,YouTube,I still don't understand why airlines insist their crew wear high heels. (edit: I get that heels are considered 'more professional' but you can find professional looking flats),
1228,YouTube,How can i get a job in emirates,
1229,YouTube,"What's the point of just keep traveling all the way in flight to different, I mean so many..many destinations, as she says. It wld certainly give a sick feeling only. Btw, has she ever cld roam around the places she traveled just by serving on the flight to the passengers, just based on their time to time call needs. Ever cld wear colourful dress of their desire.. So, frankly speaking, we need to count all these vital points bfr, others may think it as rosy or so.... Bcaz, I sailed in this boat in sm other airlines & quit due to the above said reasons & placed very well with a job of my kind..(horse mouth info always carry more values, I believe). Actually, these days becoming an air crew seems to be not all that more tough. Bcaz looks, height & all seems to have been very much got compromised in many airlines unlike the days of mine..",
1230,YouTube,so sad that Emirates had terminated large number of their employees,
1231,YouTube,Is it a shitty underpayed job,
1232,YouTube,"Yes this is definitely my dream, My career choice is to be a flight attendant. And it so happens I fit the job requirements.",
1233,YouTube,Y'all be saying 32k is a bad salary hear this: my parents get paid 800€ a month and most of the money are used on paying fees. We have never gone on a holiday.,
1234,YouTube,One word=AWESOME. You know what money is not everything. It is a culture. It is that satisfaction that you are part of “THE GREATEST AIRLINE IN HISTORY” . I think some one from Millionaire or Billionaire background may join the crew as well. Because it is an empire of luxury and true high end hospitality platform. Such a experience. 1000’s and 1000’s of great minds make an Emirates Airline. Fantabulous,
1235,YouTube,I been to 132 countries and i work as a bartender. I would not work as a air host even though it can be similar job.,
1236,YouTube,"This video about Emirates flight attendant women was posted on October 2019 . So I guess this lady is jobless currently , Corona has finally ended this women's career . Well not only her 20000 flight attendant and pilots are jobless",
1237,YouTube,"Very risky job, indeed! Imagine, if plane hijacking happens!",
1238,YouTube,"That’s not to bad eh. A lot of benefits but k are sometimes 16 hours. I work at the doors and sometimes we just get 12 hour shifts and then go to a club for another 5 hours. Uncomfortable boots after 5 hours, sweeting, when it’s pissing it down well I’m living the dream lands.",
1239,YouTube,Do you have to be from dubai to have this job?,
1240,YouTube,Look at the skin cancer rates for air crews.. You would have to be nuts to take that job.,
1241,YouTube,My dad is all free if there’s an available seat cause he work’s for united airlines,
1242,YouTube,"The air host/hostess/steward/stewardess attitude should be checked in before entering the aircraft. All these guys are minimum educated, from poverty struck homes, on a plane with 90% work as an air waiter and sexually harassed on every flight! Yet they start feeling like a celebrity when they get off gathering dirty dishes and share a hotel room with 3 other stewardesses! Their main travelling stays within the plane as many flights get cleaned and head back within hours. Most hostesses dream of marrying someone from first class while their own pilots think of them as servants. The reason to explode this reality check is so they appreciate their job by treating the paying customers well. I have seen the worst attitude from these air waiters on EVERY FLIGHT even towards kids! When you speak with them, then you understand their delusional world which ends as soon as they gain weight or hit 40!",
1243,YouTube,My dad is still a cabin Crew it’s been 20 years for him,
1244,YouTube,My mom used to be a cabin crew,
1245,YouTube,Well thats a robot job not human job ..,
1246,YouTube,This job is maad,
1247,YouTube,My dream job <3 wait for dubai!,
1248,YouTube,My mum friend works as a first class flight attendant for this airline. She gets so many benefits with it. Her family only has to pay taxes to fly anywhere. Which is basically $100 per a ticket.,
1249,YouTube,"You act like 32,000 is a lot for a salary...",
1250,YouTube,So nine 16 hour shifts a month is equal to a normal 15$ an hour mon-fri 8 hour shift job Worth it or not ? Trying yo decide... You only save 16 hours which is 2 shifts,
1251,YouTube,my mums best friend worked for british airways and died of sleep deprivation due to the job,
1252,YouTube,"Salary of the flight attendant is peanut. 32K$/year is lower than the minimum salary in my country. Ad she says the best part of her job is travelling: does she mean staying one night in a country is called travelling? And for your information, Emirates doesn't give her a house for herself but a flat that she shares with another flight attendant. Emirates threat the flight attendants as slave. Of course when you come from a poor country, this job seems excellent but not from rich country.",
1253,YouTube,Salary is low,
1254,YouTube,I want become a cabin crew in Emirates flight and this is my dream I love Emirates,
1255,YouTube,Its very tuff job,
1256,YouTube,United airlines gives free flights anytime to anywhere for its workers,
1257,YouTube,There is nothing exotic about this job...it requires amazing amount of work and after a months constant travelling becomes boring....have met and know many who were in this profession....these guys are amazingly hard working ...do not go on the glamour part of it,
1258,YouTube,so basically this job sucks.,
1259,YouTube,Aeroplane: wow i love my job Covid-19: am i a joke to you,
1260,YouTube,"WORST AIRLINE EVER I FLEW THEM LAST YEAR 2019, AT THE BOARDING GATE @ DUBAI CONECTING, THEY MAKE ME WEIGHT MY POCKETBOOK WITH CELL PHONE, PASSPORT, IPOD AND WHAT IS OVER, THEY COLLECTED THEM AND THREW THEM INTO THE GARBAGE, VERY WICKED PEOPLE, IF IT COST $1 , I WILL NEVER FLY THEM AGAIN.👎🤑🤢😛😎😐🤪",
1261,YouTube,"everytime we take business class in long flights with Emirates, we see lack crew presence throughout the flight. They stay still in the lounge. Seems passengers need to walk all the way back to lounge just to get a water. How they will find out what happens in the cabin. Crew in Singapore Airlines still win.",
1262,YouTube,"I feel like 32,000 is a shitty pay",
1263,YouTube,"But women want to work and be like a man and work outside, so let them do long hour and work hard just like men do, but no one sympathize with men not even men. I am a woman and saying that because i am not a bias woman.",
1264,YouTube,32k with free housing... Meaning no need to pay rent so alot of that money stays,
1265,YouTube,I would love to work for Emirates.,
1266,YouTube,"Overpriced waitresses...no offence but the waiter in my neighborhood is far educated, way smarter, works harder and deserve much better.",
1267,YouTube,The hardest part of the job must be having to hold in a fart,
1268,YouTube,"Damn, people working 60 hours a week in a factory for minumum wage have it easy compared to this.",
1269,YouTube,"32k yearly is more than enough, considering most flight attendants don't own expensive cars with expensive insurance and payments, and have very minimal expenses monthly. On top of that, 100+ destinations? Anyone want to guess how much money she would've paid? Along with hotel, food, etc? Idk kinda sounds like a good deal",
1270,YouTube,I love this job🥰,
1271,YouTube,My ambition is to become a cabin crew in Emirates,
1272,YouTube,Best cabin crew is Qatar Airways,
1273,YouTube,"Yea I mean the benefits are great and all with the free housing and free ticket once a year. But 32k? I mean come on guys, we ALL make more money than that working a basic job",
1274,YouTube,"This is a paid advertisement for Emirates. All it takes is looking like a model and conforming to any sexist practice they please, along with a horrible salary. Now move on to a better video.",
1275,YouTube,"The white washing...where are the black female crew? Ooh I forgot those are for economy. Crappy airline anyways, boycotted it 20 years ago!",
1276,YouTube,My oldest sister works in Emirates airlines I’m so happy for her,
1277,YouTube,"When I turn 21 this is my job here’s my form I speak French,English,Spanish, and Malay I am learning German I am already 5 foot with a long armspand I never get jet lagged I love travailing EMIRATES NEEDS TO HIRE ME",
1278,YouTube,"32,000 USD per year for citizens of third world and middle income countries is too much money. Airlines provide free accomodations to crew when on duty. Have you seen Western European and North American flight crews in a majority, you will never. Airlines body shop by hiring from third world countries to keep costs low.",
1279,YouTube,Doesn’t seem like great pay to be honest and how is your housing situation when you land in another country???,
1280,YouTube,Yeah high heels 👠 don't work the whole time u get banged,
1281,YouTube,"Girls have lot job,",
1282,YouTube,"32k a year isn’t bad when you get housing paid for aka rent etc,.. and food everything . You just need the paycheck for maybe a car payment and downtime.",
1283,YouTube,Her: the best part of my job is traveling. Definitely. Me: the only part of your job is traveling. Definitely.,
1284,YouTube,Ehh that’s pretty shit pay,
1285,YouTube,I want to work here,
1286,YouTube,"I’ve been on 16 hours and I could not handle, can’t imagine working it",
1287,YouTube,"I could clearly start working for emirates if it wasn't about age or degree, I'm a 12 year old that is 5'3 LAST TIME I CHECKED (I'm probably taller than 5'6 now",
1288,YouTube,"People are complaining about the 32k they get a year,but they didn’t pay attention to the part where it said they only fly around 9 flights a month",
1289,YouTube,"I meet the requirements, know three languages, am pretty time efficient, and am 20. Going to apply, wish me luck! ^^",
1290,YouTube,"My Aunty works for Emirates and I can tell you now, there’s more to this company that’s not so pretty.",
1291,YouTube,I wanna work there-,
1292,YouTube,"I'm sure with their housing free utilities would be included. That's pretty standard in the richer middle eastern countries. So they'd only have to cover the food when they were at their residence as well as personal things like clothes, etc. They wouldn't be paying taxes on anything either. That's take home pay. So they could potentially be saving up quite a bit of money over a 4 year period if they were single. They could work from 18 to like 22 and have $60,000 sitting in the bank if they were careful.",
1293,YouTube,I know loads of languages! This job is for me! I know English American Canadian Australian Irish,
1294,YouTube,"Both my parents are Emirates Flight Attendants it actually defers on the rank if you are a flight attendant. My dad is the Cabin Supervisor) [CSV] and he supervises the flight attendants and works at Economy and First Class or Business Class. The rank named Grade 1 [G1] works at the Business Class. The rank called Grade 2 [G2] works at the Economy Class. The Grade 1 is a higher rank than Grade 2 for some reason. And the FG1 rank, works at the First Class Section. While the highest rank of all flight attendants which is a purser, supervises the cabin crew too, and works at first class. Here is the list of the ranks in order: Highest: Purser (supervises everyone, works at First Class section). 2nd: Cabin Supervisor ( Serves both Economy and business and supervises the crew). 3rd : FG1 (serves First Class) 4th: Grade 1 (serves Business Class) 5th: Grade 2 (serves Economy Class)",
1295,YouTube,everyone here thinking that 32k a year is not a lot of money you're not looking at this the right way. housing is a big deal I live in Vancouver where even renting a 1 bedroom is like $1500/mth at least( that's like 25k pre tax). Then you gotta consider 30 days vacation..that's huge...Ive worked corporate jobs and after years n years finally got 3 weeks. Lastly in that part of the world the cost of living is less. I think it's a reasonable way to make a living. It's not the dollar amount but your lifestyle,
1296,YouTube,"32k a year for putting up with people for 16 hours straight? Only if I think the perks are really worth it, otherwise, I rather double or triple my salary and pay for my plane tickets.",
1297,YouTube,The money sux does emerates pay higher than average,
1298,YouTube,This would be a great just graduated college job while you look for your dream job,
1299,YouTube,They pay so much intention to the flight attendent not the pilot,
1300,YouTube,This is lvl 99 of modern slavery (modern slavery aka a job),
1301,YouTube,I'm a qualified cabin crew from south Africa. My dream is to join Emirates one day🤗,
1302,YouTube,you can get a job without a degree,
1303,YouTube,She is so positive. Sadly some of the flight attendants with Emirates are grumpy asf. Bad service these days. And terrible food. The prices are too high. And they deliberately go late to a transit destination coz they want to fill the empty planes. Last time I went they didn't even bother to give me water that I asked three times.,
1304,YouTube,There are thousands of flight attendants in the US making way less than that and dont have free rent. Loads of FAs fly for regionals where the starting pay is 18K per year and are expected to be based in NYC and dont get any free rent.,
1305,YouTube,No army personal allowed to marry air hostage. But its not generally prestigious job. Lots of bad stories about them.,
1306,YouTube,This is just a job ad for emirates,
1307,YouTube,"one free flight a year? i used to work in the check in for avianca in brazil and i got 5 free flights a year. up to 3 international with any company of the one star alliance, and i wasnt even a flight crew, i was a floor crew and one of the most basic kind",
1308,YouTube,"I'd Rather Stick 2 Domestic Routes! Can't Work DAT Hard, Allahu Akbar☝☝☝",
1309,YouTube,"It was always my dream to become a flight attendant but the makeup aspect of it doesn't suit me as I hate wearing makeup and also don't know how to even to a decent level. Also, my voice sounds childish, so I probably would never get the job. These two factors prevent me from achieving this job, but oh well it's not that deep, ofc I have another dream career I'm working towards rn, but this was always my other dream job. :(",
1310,YouTube,"""a job u can fly around the world"". They arrive so tired and with a permanent jet lag that they rarely go out to explore the cities. Plus salary sucks. Besides this, geting hired is really difficult.",
1311,YouTube,*One of my friends is a very sexy Moroccan babe who works for Emirates airlines.*,
1312,YouTube,Why women have to do this lowly job ? Why not men .. same woman could have issues serving there husbands but no issues serving random strangers ... emirates dont learn from west !,
1313,YouTube,"What an extremely sexist job and airline. Women have to dress like the 1950’s, which isn’t fair or right.",
1314,YouTube,"Even if it is 32k a year, you don’t pay for housing and you get to travel the whole world while you’re still young. This seems like a great gig.",
1315,YouTube,It's crazy how it's an Arabic company but you need to be fluent in English to work for it Bs.,
1316,YouTube,How can i get that job? 😁,
1317,YouTube,I loveeeeeeee emirates i am 11 years old and i am in pakistan fir few days i am in pakistan because my father had some work i am from pakistan living here in pakistan i realized that dubai was the best it had everything i wanted perfect for me and my family my father my mother everyone loves dubai my school was arab unity school the best well anyways i am coming back to dubai in few days cause i trust allah that i will come back actually i am coming back but who are living in dubai u r lucky and actually sharjah i live in sharjah my name is abiha batool and this is my mothers account i was crying to come back to dubai and here we are also a small message beleive allah and u will have everything u wanted i loveeeee dubai i mean sharjah no U.A.E sooooooooooooo much i beleive my allah thats why i am writing this comment i am praying reading quran for the sake i can come back but i am coming back and u people might be thinking the things i wrote i dont sound like 11 years old but i actually am 🙂 i love every corner of U.A.E😙😙😚😚😚😙,
1318,YouTube,"I’d say it’s like the difference between working as a salesman at H&M vs at Chanel. Slower, silent and with a slightly better paycheck.",
1319,YouTube,$32k is just my rent and car payment. Sorry that income accounts as low income in Canada! 😂😂😂,
1320,YouTube,i hate that they arenot allawed muslims in the crew,
1321,YouTube,Im a man. Can i be a cabin crew??,
1322,YouTube,I love the way emirates support their employees,
1323,YouTube,Physically demanding my ass😂 try working construction for a day...,
1324,YouTube,"Money sounds quite bad, but big portion of cabin crew are from not-so-well-off countries, and it's a life changing journey for them Cabin crew are entitled to as much as 50% discounts at dozens of restaurants and shops in and out of Dubai. That 1 free ticket is called SRC ticket, and is not a guaranteed every year. Though cabin crew are allowed to use unlimited 90% discounted (Although it is not exactly 90% off) tickets. Discounted tickets for friends are Best job for young adults",
1325,YouTube,Job can be quite physically challenging LOL try working normal jobs. Your job is NOT physically challenging.,
1326,YouTube,4:22 Hunny your job IS TRAVELLING,
1327,YouTube,"1 free flight a year? Airlines where I’m at allow like 7 free flights a year and allows benefits for family members. Not only that but you get discounts on flying other airlines, the standards a lot lower, and you don’t even have to be a flight attendant to get the benefits you can work at the baggage check desk and boarding desk. I mean you still have to pay a tax and you have to fly standby but it’s a good deal to me",
1328,YouTube,Am I the only one who has NEVER found the pilot/flight attendant life glamorous? It always seems like such hard work in uncomfortable aircrafts with annoying travelers.,
1329,YouTube,"$32,000/year equals around $15/hr smh that sucks",
1330,YouTube,"I think it was on the old THE original Micky Mouse Club with Annette Funicello and Bobby, there was a segment that instructed in this service. The airline that provided the ""training"" was TWA, Trans World Airline. I forget now which of the girl members of the club that were given the privilege of being trained.",
1331,YouTube,The pay is too low 😀😀😀,
1332,YouTube,My aunt will be a emirate she is training right now in dubai and she has been there for a week,
1333,YouTube,Emirates crew is awsm .. highly recommend,
1334,YouTube,You have job availabl,
1335,YouTube,I've been on Emirates... never been first class. Was an average experience entirely . How many people actually fly first? Yes I'd love to pay 3x the price for a 4 hour flight I will just fall asleep in anyway,
1336,YouTube,My ex GF is an Emirates First Class Flight attendant. She suffers from depression and serious mood swings and doesn't even accepts it. This job is really taxing and it costed us our relationship.,
1337,YouTube,"Flew Emirates twice in my life. Even going economy class it was far beyond better than flying domestic with service. Just my POV, but a 21 hour total time in air flight was good. Hearing what these women make is a bit of a shocker, but currencies exchange differently in different places, plus I’m hoping they have other perks that pay off well enough to make up the downsides. I’d definitely fly this airline again if I go international again.",
1338,YouTube,I learned practically nothing but the pay and benefits outside if the job. The actual information about daily activities are so lacking it seems more like an ad than anything else...,
1339,YouTube,Only two languages. Me:wait I'm know three languages when I was 10 Also me:thinks I am a genius,
1340,YouTube,"Salute to them, i cant stand being in an airplane for more than 2 hrs or ill puke alot",
1341,YouTube,32K salary + free housing + All expenses paid while on layover = well over 50K if you combine the salary + savings. Not bad.,
1342,YouTube,This shows only the glamorous parts of the job... From experience,
1343,YouTube,This is the best job ever like no negative sides ever 😂😂 beside a free flight per year like wow 🤨 so awesome 😒,
1344,YouTube,"$30,000 a year is NOTHING. ONE free flight a year?? How generous of the company. Though with 21,000 crew members I can see the logic of having a limit. But why not two? They should be making at least $60,000 per year after taxes. How are the health benefits? Doesn't seem all that glamorous when you take it down to the brass facts. What it lacks in earnings does it make up for in status, prestige and glamor? None of that pays the damn rent. I suppose your chances of meeting and marrying a billionaire are greatly expanded.",
1345,YouTube,"32 K salary is very stingy !!!! To deal with air-turbulence and jet-lags on daily basis is not something easy ! such sacrifice should have been appreciated more .. It is true you would get to travel and see new places, but most of the times you would see nothing but your bed at your layover place (since that is the only time you have to sleep and get energy for the next day of traveling )",
1346,YouTube,My friend dad works In Emirates as an engineer he also gets free tickets,
1347,YouTube,"""The job is not always as glamorous as you'd think"". I have NEVER considered being a flight attendant as glamorous...good grief! I don't think the salary is high enough for the insane long hours and the perks are not that amazing...1 free ticket? You are basically a waitress in the air...serving Arab men--you know how pro-women they are...no thank you!",
1348,YouTube,The basic salary didn't seem to be much. I have to assume there's more to that.,
1349,YouTube,"What it takes? Just answer correctly all the job interview questions, by saying always “durka durka muhammad jihad”",
1350,YouTube,Pfffff two languagues hahaha here in Europe cabin crew of low cost Airlines know mostly 3 languagues.,
1351,YouTube,No one is forcing them to take these jobs. Leave them alone! I was an airline attendant for Pam Am and loved it....,
1352,YouTube,My aunt works as a flight attendant on emarites well she used to. But she still travels on emarites first class,
1353,YouTube,So Emirates crew is basically a Geisha.,
1354,YouTube,They are the cheapest sex workers.,
1355,YouTube,"for women beauty and brains wins everything...for men money and brains buys everything...almost everything in world except religion revolves around these three things...sex , money & brains...🤑🤑🤑",
1356,YouTube,Urg. I wouldn't want to be a woman working for muslim men.,
1357,YouTube,Lol too short for this job,
1358,YouTube,Lol I worked a 14 hour day doing construction yesterday. On my feet 12 hours. Your job is not physically demanding.,
1359,YouTube,"Unofficial condition of Selection Gotta be White skinned, Being Dark won't work!! 😶",
1360,YouTube,Like we pay so much for these faces ? Lol,
1361,YouTube,bruh i live in dubai and my family donated money to the crew so i for a day got to work with them,
1362,YouTube,"I know three languages, Two fluent and one needs help Russian and English are fluent but japanese needs a lot of improved Get recited by a grade fiver 😗",
1363,YouTube,This is an ad. I went through their hiring process and it’s food that I didn’t get it. I wouldn’t last a day with their misogynistic approach,
1364,YouTube,Imagine if they have to wear heels for 16 hrs and when they take off the heels and the funky odor from their feet.,
1365,YouTube,They are beautiful but they work till they can no more,
1366,YouTube,"Emirates airlines cabin club are so polite and professional costumers services , great job 💓",
1367,YouTube,32k is nothing to work for the best airline and have so much responsibility and be away and also risk your life in the air lol they deserve better this is a billions dollar industry. 40 k is decent. And also I'm sure they get good tips also,
1368,YouTube,"I was on emirates flight in 2018. During the flight, me and my child were walking between the aisle. Right then my 17month child picked up a whiskey bottle on the plane floor. I grab the bottle from my child. Luckily that bottle had a lid on it. Since, Emirates serve these types of beverages in flight and it is their responsibility that these beverages don't end up in aisles or minors. So I reported incident to the flight manager. Instead admitting their fault flight crew incharge came after me and my child in a very unprofessional manner.",
1369,YouTube,I want to work there.,
1370,YouTube,THEY PAY NOTHING BECUASE OTHER AIRLINE PAY MORE......AND ONE FREE FLIGHT NO THANK YOU....EMIRATE KEEP THE FREE FLIGHT BYE,
1371,YouTube,Working for Emirates airline must be heaven for Siti especially if she came from Air Asia 😂😂😂,
1372,YouTube,It was not much money in salary? What tha heck?😳🥺,
1373,YouTube,My mom work in emirates,
1374,YouTube,This video looks like an Emirates AD. Also 32k for this kind of job is peanuts. And only 1 free flight per year? Not good.,
1375,YouTube,Let's grab popcorn and enjoy the hateful comments from ignorant yanks just because an Arabic country and one of their airlines is doing 100 time better than all the american customer-abusing airlines! Pure jealousy and deep hatred of Arabic people! Even though that country is like a miniature USA: a combination of more than 50 different nationalities living and working in a TAX FREE country. Haaaaahahahahaha.,
1376,YouTube,She works 80 hours a month....,
1377,YouTube,"Random Person: I’ll have a water Emirates Crew Member: GUYS, THEY DRINK WATER, WRITE THAT DOWN",
1378,YouTube,"I had a frend who works as a cabin crew and her life is hectic as hell.....she is no longer in touch with me....thats why i began with "" i had a friend"" am sure u figured that out...now go to your normal day to day activity without wasting another second reading my dumbass comment",
1379,YouTube,"She has such a cool job. Live in Dubai must be expensive. BTW, Is she a Malaysian?",
1380,YouTube,i mean if i can’t get into university or i don’t have a good job flight attendant doesn’t sound bad,
1381,YouTube,This is a job I will never do,
1382,YouTube,imagine you can fly around the world and you get payed,
1383,YouTube,"Bruh this job is ez to get, Even tho u don't have an experience to certain thing just watch a couple of YouTube turorials. 1 Month and u'll understand everything",
1384,YouTube,One of the many jobs where good looks is required and female only.,
1385,YouTube,That's pretty low. You can actually make 14000 $ a month if you want at one of the three in USA.,
1386,YouTube,I'm hoping to work for Emirates as an Aircraft Engineer.,
1387,YouTube,My dad's friend is a flight attendant in Emirates and I wish I had his job,
1388,YouTube,$35000 base pay. No Thank You,
1389,YouTube,My aunt is a flight attendant. She works at emirates❤️,
1390,YouTube,"oh damn what a hard job, EXPERT knowledge of the menu, DIETARY restrictions. That's what you call great marketing, to make a simple job, yes, simple, look like it remotely requires talent. There are millions of children doing more work than this just surviving day to day.",
1391,YouTube,"""Being a flight attendant isn't as glamorous as you think."" As if anybody actually thinks that dealing with passengers who are crabby, tired, and feel entitled is a glamorous job.",
1392,YouTube,They forgot to mention the ruling blood suckers make possible these fake glamour with the expense of ordinary citizens whose rights has been denied and shutdown and the slavery of the poor immigrant workers!,
1393,YouTube,"I Quitted Emirates airline as a crew long time ago, why YouTube still pops out emirates video for me? Lol",
1394,YouTube,Sounds like fun. Some of my relatives actually work for Emirates.,
1395,YouTube,"I have flown many flights&ive noticed this people are always under pressure, so I don't give them a hard time, I sympathise with them&they are astonished that I as a customer understands, after they are finished with everyone they usually come to me&ask me what I want&am given booze like no one else, even other people start complaining why they are not given the service am given, I once even took a cabin crew girl out&we had fun",
1396,YouTube,"I've worked for Emirates for a couple of years, and while the pay is on average higher than whats stated, its still a substantial amount for most people. Besides, many would eventually resign as this is more of an experience. Those that stay with the company move onto other roles, like ground staff or training instructors. Regardless, for anyone not from the United States or some of the more well off European countries, its a pretty sweet gig.",
1397,YouTube,"Uh yea. It's not a difficult job apart from traveling. Stop being dramatic. Try being a fireman, or medic, or police officer maybe military, maybe doctor then talk to me",
1398,YouTube,This doesn't seem like fun The pay looks tragic I'm sure business insider was paid for this ad looking thing,
1399,YouTube,"I hate how some jobs require for you to cover tattoos. Tattoos are part of a human, perhaps is cultural or a way to express themselves. Is just dumb",
1400,YouTube,"""The best part of my job is travelling""",
1401,YouTube,Also make a video on how many flight attendants work for more than 6-7 years.....y they quit their jobs then ????,
1402,YouTube,How is 32k considered a good salary,
1403,YouTube,"As someone who works in the industry but not for this particular airline, I will say for the amount of shit you deal with, it isn't worth it.",
1404,YouTube,That's got to be the world's worst job in the world -> working for THAT airline. Ever seen the floor or bathroom on one of those flights? Disgusting.,
1405,YouTube,Many appearance demands on the females cabin crew for an Muslim company.,
1406,YouTube,32 grand a year!?!?!? I wouldnt work in a plane for 80 a year,
1407,YouTube,I don’t know why I started watching this but I think I found my new job🤷‍♀️😂,
1408,YouTube,please feel free to correct me if im wrong but.. no real qualifications required except being cute. shitty salary... being obligated to wear makeup and heels... sounds pretty terrible to me.,
1409,YouTube,As an ex EK FA..working for them is basically slavery,
1410,YouTube,32000$ a year 😐 thatz a poor pay,
1411,YouTube,I swear the flight crew is soooo nice for Emirates I definitely recommend it.,
1412,YouTube,They pay their pilots like 400k,
1413,YouTube,"32,000 a year seems like is underpayment for these ladies",
1414,YouTube,"Hahaha the layovers are definitely the best part of this job! Great video, thanks for making it.",
1415,YouTube,I won't comment on the job requirements cause obviously they are really underpaid for what they do but the whole experience flying with them is top notch and i give them credit for that. Hope they raise their salaries .,
1416,YouTube,"basically i could work at emirates because i talk 3 languages fluently, high school degree is yet to come and i'm 160 which is 5'2 i think",
1417,YouTube,Her: the best part of my job is travelling Me: whatcu mean that IS your job,
1418,YouTube,The perks don't sound that good and the pay is low.,
1419,YouTube,How much does the job pay?,
1420,YouTube,I imagine a new first class passenger has the entire crew watching and recording his/her every move.,
1421,YouTube,so my mom feels the same way working as a flight attendant in air france the same way i feel in school,
1422,YouTube,My mom is the Chief Executive Officer,
1423,YouTube,"I never noticed. but thats nice they are allowed to wear flats. anyone in the ""service"" industry is on their feet 8+ hrs a day. being allowed to swap to comfortable shoes makes a big difference :)",
1424,YouTube,"It's like working at a restaurant, except with the added risk of a plane crash.",
1425,YouTube,The prize job for them is the Dhaka-Dubai flight.,
1426,YouTube,"ALL airlines pay for your hotels on a layover, this is not a perk, it's the cost of doing buisness. $32k/year living in Dubai is borderline poverty. The 200,000 applicants per year are from poverty stricken countries where everyone is trying to escape. They love those applicants because anyone else tends to resign after 2 years.",
1427,YouTube,One thing that I must criticise: “Layovers in 161 cities.” Take away: All of Saudi Arabia Muscat Bahrain Kuwait City Caire Istanbul Some of India Iran Iraq Pakistan Because these flights are turnaround flights. There is no way an airline would have layovers for their crew here unless it was a late night arrival coupled with a early morning departure,
1428,YouTube,The passenger could be just some snobby rich douchebag to add to the job,
1429,YouTube,Salary is 32000 a month?!!!,
1430,YouTube,that pay is way too low.,
1431,YouTube,"I used to be an Emirates Business Class crew member, but after 5 years, I left. It's true that the salary is good and you get to see the whole world while working and getting paid. Dubai is fun too and you get lots of discounts to spend in Dubai (parties, shopping, restaurants..) but it is very hard. And challenging; the culture and the country, the weather and conditions. In Emirates, you fly a lot, it's so bad for your body to fly over 100h per month. Now I'm back in Europe flying for a Spanish airline and it's 1000 times better! conditions, benefits and the whole country is better!",
1432,YouTube,Me just remembering the time my brother got to ride in first class because his tv wasnt working in economy (made me and my family feel like peasants),
1433,YouTube,they enslave their employees fly with them if you dont want slavery to end,
1434,YouTube,Being a cabin crew is probably the only job I know that doesn't exploit the Chinese workers.,
1435,YouTube,Can you Emirates pilots too because I'm studying aviation now and really want a job with Emirates,
1436,YouTube,Why are no males here? Why does nobody address the sexism in the cabin crew industry,
1437,YouTube,"Her :""Best part of my job is traveling"" Me: oh i see that's great what else do you do😂",
1438,YouTube,Emirates is very good to fly 1. SERVICE IS AMAZINGG 2. More frequent you go you pay less and get a discount 3. Quality is good 4. And why are you still reading this GO CONVINCE YOUR PARENTS TO GO ON HOLIDAY AND FLY EMIRATESSSSS hehe,
1439,YouTube,Lol that’s just more work,
1440,YouTube,Really ? People have to dress professionally for a job ?,
1441,YouTube,Their life is a living hell . Long hours of work and gets exploited by employer - watch videos about it,
1442,YouTube,"I work in a hotel in Toronto, in the staff cafeteria and I'm making a little more than $40,000.00 a year. The cabin crew starts with a $32,000.00 year?. Dubai is very expensive. I thought they would earn more $$$.",
1443,YouTube,One free flight a year? My friend works for delta and him and his whole family fly free wherever they want to go.,
1444,YouTube,get to travel the world but there housing is always close to the airport so there's nothing pretty much to see new after the first couple times and if they only get 1-2 days off between shifts your really limited in the country you get to explore,
1445,YouTube,I also wanna b a cabin crew,
1446,YouTube,The job I dreamt of since I was a baby. 🤦🤦🤦😭😭😭 I have all they need... Except money to get the job,
1447,YouTube,JAI SHRI RAM 🚩,
1448,YouTube,If I didnt have motion sickness maybe I'd work as flight attendant too,
1449,YouTube,My father works in Emirates air lines,
1450,YouTube,Remember she's a first class attendant. Not all flight attendant ofcourse has the same salary or perks like her.,
1451,YouTube,no Sharia law for cabin crew?,
1452,YouTube,89 hrs/month - That's not much considering the rest of us have to work 200 hrs/month minimum !!,
1453,YouTube,It's not as good as they want you to see. I see my flight attendant friend all resign the job now after 2 years. It's really bad for your health such a job.,
1454,YouTube,A friend of mine long ago girlfriend that worked for Emirates in the early 2000's told me that it wasn't all that fantastic...like Dubai:).,
1455,YouTube,"""Natural make-up"" *Applies concealer, foundation, lip liner, red lipstick, eye liner, dark eye shadows, mascara, fakes brows etc. That's the Emirates' standard of a beauty. But please don't call it 'natural'. It's a shame that female employees must paint their faces in order to fit in. These toxic substances (all make-up) are recognised as harmful not only to humans but also they are massive pollutant to the environment. To all women out there - please be conscious and wise with your choices. And you know you do have those, right?",
1456,YouTube,"32,000 for being on feet 11 hours straight? No thanks despite discounts and 1free flight, this airline makes a billions to only pay the high qualifications for this position",
1457,YouTube,MY DREAM WORK❤😍,
1458,YouTube,That is not much pay really for all those things they have to remember and dress up. I will have more respect to their job on my next flight.,
1459,YouTube,Cheap airline slave there employee ur mess so called airline,
1460,YouTube,I'm a registered nurse ...22 years old...my English language is very good...is that possible to work as nurse on this air lines..?,
1461,YouTube,My ambition is to become a flight attendance...but my parents don't allow me to...they said stewardess plays dirty and such and that I should find a more decent job that is safer and better payed :( advice?,
1462,YouTube,that’s my dream job and I can speak 4 languages but my height is a bit short to be a flight attendant 😕,
1463,YouTube,"Having friends that work for emirates I would recommend thinking about it very well before you move to the sandbanks, not all glitter and glamour, privacy or freedom",
1464,YouTube,"Wow, i am quite surprised!! i have read some comments. All i can hear is pay rates & income ... is this a joke. It will depends on which airline you decide to work for. Some airline might pay you more or less money ... Ok from my perspective, it isn't about the blegbleg $$$$$$$. The aim & goal of becoming a flight attended can be identify as (having that drive and passion of pursuing your career as a cabin crew). If yaaaa haven't got the passion for it boots it whanau maybe this is NOT the right job for you. Sorry to be mean but it is what it is ...",
1465,YouTube,"Yes!! i do agree ... from my perspective, to become a cabin crew you need to be engertic. That can be describe as having the passion and drive to pursue your career as a flight attendence. If you are thinking about becoming a flight attended this will be helpful if you know alot of information and knowledge about the industry or airline you want to work for. This might give you more advantage ..... Yes!! sometimes your job as a cabin crew can be stressful or demanding because you are always on your feet serving customers. But it come with the job, requirements and contract. Be mentally prepare for the scrifice you will be making. Sometimes you will not visit your family and friends as often because you are always in the air 24 hours & 7 days a week. That is what i mean by making some hard decision. Think about first. If you have the passion and drive for it go for it because another opportunity like will never happened. In conclusion, the rewards are a blessing because you do have the opportunity to travel and explore the world how amazing would that be ...... So i wish you all the best!!! .... 👍🤩👌😳😁😀. If you want to pursue your career as a cabin crew go for it whanau .... you only have one life and one chance to pursue it ... Anywho have a awesome night ....",
1466,YouTube,"32k, one free flight, discount for relatives. Wtf kinda stingy shit is this considering the amount of training they have to go thru. You’re r better off working full time at target tf",
1467,YouTube,"Meanwhile, cabin crew in American airliners don’t even speak Spanish",
1468,YouTube,"$32,000 a year is NOT really perk plus only 1 free complimentary flight a year??? Errr! Other jobs have way better benefits than that! Plus their requirements to get the job aren’t even that great...",
1469,YouTube,I was thinking I would love to do this job and then I realized I was a dude 🤣,
1470,YouTube,I work with all these Airlines and I recommend this airline for the policy of the ticket ITS REFUNDABLE HAHA! I help customer bought and cancel tickets and I FUCKIN' HATE MY JOB! Bye!,
1471,YouTube,They only get 1 free flight a year if they’ve been working for 15 years +,
1472,YouTube,Now I wanna have this job :'(,
1473,YouTube,"I don't think this job is as glamorous as it looks. Having to be on one's feet for many hours per day is not for everyone. I'd find it physically demanding and I bet some of the passengers can be jumped up jerks. Only one free flight per year? I honestly thought they would get more than that. Not being funny but a lot of people can earn a free flight each year just from redeeming Amex points. That said, there are people that genuinely enjoy being cabin crew and love the travel lifestyle. Not for everyone but those that devote their lives to this profession are good at what they do.",
1474,YouTube,Looks like I’m never gonna get this job I’m 5’9 ughhh😔,
1475,YouTube,The salary is quite less,
1476,YouTube,"I can speak English, Swiss German, German, Dutch and I’m learning French. Give me the job already 😂😂",
1477,YouTube,"$30K/Year...Oh yeaa, that's so mouth watering.That income = $14.42/hr. I guess it's better than nothing for someone without a college degree, but not sure which of the countries that were listed is really survivable with that income.",
1478,YouTube,"32,000 per year really isnt that much......they airlines should be able to afford to pay them more.",
1479,YouTube,The crew envy is real over here 🤤😍,
1480,YouTube,"Let me guess for the male requirements. handsome, strong and smart, alright i cant wait to become a fastfood employee",
1481,YouTube,It's really a very hard job getting less sleep. I don't understand how they manage their health. They do their best to take care of us passengers. If I was the chairman of airline company I would put rule for flight attendants and crews should have more sleep and rest. This is like every airline company making flight crew members as their slave.,
1482,YouTube,"Yeah, would still be afraid of thrombosis",
1483,YouTube,"OR OR OR GUYS GUYS LISTEN, or you could choose not to take up a job in one of the most polluting high carbon footprint industry. Literally we are on the path to 3-4 degree Celsius by the end of this century and you still have fuckers who wants to travel for their own entertainment like we aint gonna collapse due to climate change from these human activities. This is why I always say there is no avoiding industrialization civilization collapse because you still have ignorant city people or plain deniers who doesn't give a single shit and human species are too short sighted when it comes to threat that aren't immediate in their face.",
1484,YouTube,Man.. this is the best job that i would like to die for.. My friend is very lucky to have this one 😢😭,
1485,YouTube,"The level of detail recorded by the crew is amazing. On my first business class flight with Emirates, I mentioned a preference and then on the next flight, they didn’t need to ask me what I wanted because they already knew",
1486,YouTube,"Seems like a cool job, already meet most requirements",
1487,YouTube,"My Mum used to work for British Airways as Base Manager. She used to get unlimited free business class flights and if we came along, discounted tickets with a free passage to first class if the seats were free. But that was 12 years ago.",
1488,YouTube,"Planning on being an FA. And i want to fly international. Mom wanted me to reach Emirates because its said to be hard to get in. And im like,nahhh. If i can do my job and travel international without making it hard to get in im fine haha. Im just scared that i wont get accepted after I graduate",
1489,YouTube,I know a lot of people who wants tk be a cabin crew 😂 I'd rather be the people they are serving in 1st class.,
1490,YouTube,Maintenance of family is difficult for a cabin crew. They are traveling everywhere how they manage kids ?,
1491,YouTube,So business Insider how much did yall charge Emirates for this short cabin crew story ???,
1492,YouTube,"Well, a lot of poeple are qualified, some even have university degree in hospitality and still get rejected at Emirates job application, stop giving false hope Business Insider!",
1493,YouTube,32k is nothing for that hard work,
1494,YouTube,"Although I am not an Emirates crew member, I am a US based flight attendant and I can tell you *most flight attendants LOVE our job! The starting pay is not perfect, we have long days and super early wake up calls but it's all worth it when you are getting paid to see the world! It's not the perfect career for everyone but for me it is :)",
1495,YouTube,Unfortunately working for Emirates is nothing like this !! 😂😂😂 Worst company in the world to work for !!,
1496,YouTube,I love everything about this crew how I wish to be one. I tried 7yrs in dubai and had all the qualifications but was not able to get.plx help me to achieve my dream,
1497,YouTube,yay i know what pro are now let talk about the con of this job,
1498,YouTube,"Wow, that base pay is shite! Teachers in America probably make more and they're poorly paid!",
1499,YouTube,MALAYSIA 🇲🇾. GOOD JOB GIRL,
1500,YouTube,"Me, in high school: Ok, let's do some homework My brain: wHat doEs iT tAke tO be aN emiRaTes FliGHt atTenDanT?",
1501,YouTube,How much did Emirates pay for this advert?,
1502,YouTube,Sounds like an Emirates job ad,
1503,YouTube,"Answer: Not much, but it's also a hard job.",
1504,YouTube,And this absurdly disingenuous video makes no reference to the well-documented labor problems Emirates has had with their cabin crew. What a laudatory commercial disguised as reporting.,
1505,YouTube,I used to work as FA for Emirates. I regret leaving Hawaiian Airlines for Emirates. Thank goodness I ended my contract and now working for United. Might not be as fancy but So much better and better benefits. Most of UEA FAs want to work for the any American based airliners. And talk about sexual harassment I encountered. Reported all of them but the supervisors on board don’t even care. Plus we get free travels for me and my family anytime we want to fly with my new airline.,
1506,YouTube,And accepting to be a work slave,
1507,YouTube,Seems like a great job!,
1508,YouTube,It’s all luck I got 4 years of experience as a cabin crew but never made into emirates,
1509,YouTube,The real reason the flight attendants are on the aircraft are to get everyone off in 2 minutes in an emergency. The service part of the job is secondary.,
1510,YouTube,Do one report for cruise line Crew...,
1511,YouTube,"One free confirmed ticket a year isn’t terrible. However, they still do get unlimited standby travel which means you only get a seat if one is available. By the way, ONLY captains of 20 years can get first class upgrades, all other cabin and ramp crew are only slowed economy seats.",
1512,YouTube,The job of an FG1 is so hard. Especially when First Class is nearly always empty. 😂😂😂,
1513,YouTube,"Being a Cabin Crew for Emirates 4 years, if you only knew the real truth behind the company and the job....",
1514,YouTube,The good old days. Happy to have left them behind me though. It's a tough job. Remember to be kind to your crew. They work hard! 😄,
1515,YouTube,"Nine flights per month plus all expenses paid layovers all over the world PLUS free housing, discounted flights for yourself Family and friends and one First Class flight per year anywhere they fly seems like a good deal to me especially if you’re somewhat good looking keep yourself well and are multilingual. Would’ve been great for me when I was in my 20s. They really do offer spectacular service I’ve flown first class with them for work over the years and their accommodations for my wheelchair are bar none some of the best I’ve experienced",
1516,YouTube,Ask anyone working in Emirates Airlines what is the Salary of an Emirati Local versus a Non-Emirati or Expat FOR THE SAME POSITION..... And then that will be the beginning of the reality of Emirates Airlines for you :) You don't have to believe a word I say.... just ask someone whom you trust working for Emirates Airlines... you will come to know the truth. PS - I lived in UAE for 40 years and I am the second generation of Expats who lived in UAE. So go figure.....,
1517,YouTube,IT'S A PREETY SWEET GIGgg...FREE HOUSING IN DUBAiii...WHERE WOULD THEY LIVE IF THEY WORK IN DUBAI SAUDI ARABIA?? N how beautifully u r saying LIVE IN DUBAiii...like they will live in burj khalifa one suit for each...where they live checkout those rooms too if you have TIMEeee...you PRETTY SWEET GIGggg...may b ten people or more in one room like a jail...no salaries for may be two three months easily where you eat from n what you send back home when you can't afford for yourself then there's over times too that doesn't even count coz they pay you just a little for work of over 12 hours if thats not enough they have one more trick MAKE PANELTY cut salry...THEN COMES MANAGERS whoever they like or should I say LOVE gets salry at time gets PROMOTIONS and rest of the staff just to shout at them n to mentally torcher them just because they cant do anything about it they r far away from their homes n pOOr too(poor r not human they don't have feelings so we can do anything with them no problem at all) all those sweet giggs are for paperwork to say look everything is here on papers these r all preety sweet gigs u'll get but you can't get those preety sweet giggss u know why coz that paper is not for sweet preety giggss its to fold n TAKE RIGHT UP YOUR SWEET CANDY ASS...they will not allow you ANYTHING even if things r on papers because you don't want to loss job you just do as they say you have paid so much for the job you will do what makes them happy...and then here comes this lady IT'S A PREETY SWEET GIGggg...!!,
1518,YouTube,Shoutout to these gorgeous cabin crews!,
1519,YouTube,Boring job...,
1520,YouTube,Well I know what next job is,
1521,YouTube,32000 $ what a shame!! That's less then a London taxi driver salary!!,
1522,YouTube,"4:22 ""the best part of my job is traveling"" Wait,,,, isn't that your job?",
1523,YouTube,"Cant wait until I'm 21 so i can eventually work with you, I've always travelled with Emirates and I love it so much, so much elegance and class only 7 years to go lol",
1524,YouTube,Emirates is getting short of crew? :) Yes. As we can see on this AD...,
1525,YouTube,ain't this the worst job if ur cabin crew i always see them wanting to avoid this lol,
1526,YouTube,To be Honest I feel like I would enjoy a job like that. Aviation and the world are two hobbies and I like seeing people happy.,
1527,YouTube,"If only I don't get motion sickness and migraines every time I fly, I would try my luck there. For now, I'll just lurk in my cold office cubicle.",
1528,YouTube,A really nice job to have.,
1529,YouTube,Emirates Cabin crew flexing on Etihad,
1530,YouTube,no thanks i prefer not working for an insane empire who values human rights less than china and promotes legal slavery.,
1531,YouTube,"$32,000 isnt a lot of money. BUT what makes it worth is is all the free food and housing. That makes the base pay actually worth something closer to $50,000 a year. That not a lot either though, but in the other hand, its definitely not a poverty level invome.",
1532,YouTube,"This job is an amazing opportunity to see the world! It can be exhausting, however the incredible people we meet and destinations we visit make it all worth it.",
1533,YouTube,"- Base Pay + hourly - free housing in Dubai, close to the airport - 30 vacation days - one free flight per year - friends & family discounted tickets - layovers with accomodations & meals covered Those are some amazing perks. However, these female flight attendants most definitely deserve it for all the work they put into while on duty. I don't personally travel much at all (been over a decade actually) but I've always been impressed with how well dressed, professional, and friendly flight attendants are. I wasn't aware that behind the scenes, they're doing so much.",
1534,YouTube,I don't understand why flight attendants are so highly regarded. They are basically waiters working in a crammed space with dry air on 16h shifts.,
